Type,Part Number,Brand,Model,Rank,Benchmark,Samples,URL
USB,MKNUFDVU240GB,Mushkin,Ventura Ultra USB 3.0 240GB,1,151,27,https://usb.userbenchmark.com/SpeedTest/7528/Mushkin-Ventura-Ultra
USB,MKNUFDVU60GB,Mushkin,Ventura Ultra USB 3.0 60GB,2,143,38,https://usb.userbenchmark.com/Mushkin-Ventura-Ultra-USB-30-60GB/Rating/2281
USB,MKNUFDVU120GB,Mushkin,Ventura Ultra USB 3.0 120GB,3,140,48,https://usb.userbenchmark.com/SpeedTest/8396/Mushkin-Ventura-Ultra
USB,CMFVYGTX3-256GB,Corsair,Flash Voyager GTX USB 3.0 256GB,4,114,71,https://usb.userbenchmark.com/SpeedTest/12583/Corsair-Voyager-GTX
USB,CMFVYGTX3-128GB,Corsair,Flash Voyager GTX USB 3.0 128GB,5,114,102,https://usb.userbenchmark.com/SpeedTest/13691/Corsair-Voyager-GTX
USB,SDCZ88-128G,SanDisk,Extreme Pro USB 3.0 128GB,6,81.4,1435,https://usb.userbenchmark.com/SpeedTest/7603/SanDisk-ExtremePro
USB,SDCZ80-064G,SanDisk,Extreme USB 3.0 64GB,7,74,6221,https://usb.userbenchmark.com/SanDisk-Extreme-USB-30-64GB/Rating/1459
USB,MUF-64BB/US,Samsung,FIT USB 3.0 64GB,8,69,4291,https://usb.userbenchmark.com/SpeedTest/36937/Samsung-Flash-Drive-FIT
USB,SDCZ80-032G,SanDisk,Extreme USB 3.0 32GB,9,64.5,4213,https://usb.userbenchmark.com/SanDisk-Extreme-USB-30-32GB/Rating/1466
USB,,Drobo,Mini 4.5TB,10,63.2,15,https://usb.userbenchmark.com/SpeedTest/2759/Drobo-Mini
USB,SDCZ80-016G,SanDisk,Extreme USB 3.0 16GB,11,62.1,2906,https://usb.userbenchmark.com/SanDisk-Extreme-USB-30-16GB/Rating/1301
USB,HXS3/512GB,Kingston,HyperX Savage USB 3.1 512GB,12,61.5,91,https://usb.userbenchmark.com/SpeedTest/80249/Kingston-HyperX-Savage
USB,HXS3/128GB,Kingston,HyperX Savage USB 3.1 128GB,13,60.9,665,https://usb.userbenchmark.com/SpeedTest/64443/Kingston-HyperX-Savage
USB,HXS3/256GB,Kingston,HyperX Savage USB 3.1 256GB,14,60.6,448,https://usb.userbenchmark.com/SpeedTest/47907/Kingston-HyperX-Savage
USB,MUF-32BB/AM,Samsung,FIT USB 3.0 32GB,15,58.9,3642,https://usb.userbenchmark.com/SpeedTest/38059/Samsung-Flash-Drive-FIT
USB,,Apricorn,SATAWire 256GB,16,58.6,34,https://usb.userbenchmark.com/SpeedTest/10670/Apricorn-SATAWire
USB,,Corsair,Voyager GS 126GB,17,58,50,https://usb.userbenchmark.com/SpeedTest/7514/Corsair-Voyager-GS
USB,SDCZ880-128G,SanDisk,Extreme Pro USB 3.1 128GB,18,57.8,1448,https://usb.userbenchmark.com/SpeedTest/236544/SanDisk-Extreme-Pro
USB,LJDP20-64GCRBNA,Lexar,JumpDrive P20 USB 3.0 64GB,19,56.4,539,https://usb.userbenchmark.com/Lexar-JumpDrive-P20-USB-30-64GB/Rating/3528
USB,LJDP20-64GCRBEU,Lexar,JumpDrive P20 USB 3.0 64GB,19,56.4,539,https://usb.userbenchmark.com/Lexar-JumpDrive-P20-USB-30-64GB/Rating/3528
USB,SDCZ880-256G,SanDisk,Extreme Pro USB 3.1 256GB,20,55.2,476,https://usb.userbenchmark.com/SpeedTest/248252/SanDisk-Extreme-Pro
USB,LJDP10-32GCRBEU,Lexar,JumpDrive P10 USB 3.0 32GB,21,54.5,80,https://usb.userbenchmark.com/Lexar-JumpDrive-P10-USB-30-32GB/Rating/1476
USB,,Samsung,D3 Station 2TB,22,51.3,2805,https://usb.userbenchmark.com/SpeedTest/5414/Samsung-D3-Station
USB,LJDP10-64GCRBNA,Lexar,JumpDrive P10 USB 3.0 64GB,23,49.7,65,https://usb.userbenchmark.com/Lexar-JumpDrive-P10-USB-30-64GB/Rating/1475
USB,LJDP10-64GCRBEU,Lexar,JumpDrive P10 USB 3.0 64GB,23,49.7,65,https://usb.userbenchmark.com/Lexar-JumpDrive-P10-USB-30-64GB/Rating/1475
USB,HXS3/64GB,Kingston,HyperX Savage USB 3.1 64GB,24,49.6,753,https://usb.userbenchmark.com/SpeedTest/41443/Kingston-HyperX-Savage
USB,DTHX30/64GB,Kingston,DataTraveler HyperX USB 3.0 64GB,25,48.2,633,https://usb.userbenchmark.com/Kingston-DataTraveler-HyperX-USB-30-64GB/Rating/1413
USB,,Seagate,Expansion Desk 2TB,26,48,7241,https://usb.userbenchmark.com/SpeedTest/2499/Seagate-Expansion-Desk
USB,,Seagate,Backup+ Desk 3TB,27,46.8,1058,https://usb.userbenchmark.com/SpeedTest/3835/Seagate-Backup--Desk
USB,,Kingston,DT HyperX 3.0 126GB,28,45.4,115,https://usb.userbenchmark.com/SpeedTest/5359/Kingston-DT-HyperX-30
USB,9000349,Lacie,XtremKey USB 3.0 64GB,29,45.1,4,https://usb.userbenchmark.com/Lacie-XtremKey-USB-30-64GB/Rating/1565
USB,,BUFFALO,HD-LXU3 1TB,30,44.7,74,https://usb.userbenchmark.com/SpeedTest/5083/BUFFALO-HD-LXU3
USB,AUE700-128G-CBK,Adata,DashDrive Elite UE700 128GB,31,44.7,46,https://usb.userbenchmark.com/SpeedTest/5044/ADATA-USB-Flash-Drive
USB,,ST3000DM,001-1CH166 3TB,32,44.7,147,https://usb.userbenchmark.com/SpeedTest/10423/ST3000DM-001-1CH166
USB,PSF128GXPUSB,Patriot,Supersonic Xpress USB 3.0 128GB,33,43.6,118,https://usb.userbenchmark.com/SpeedTest/4692/Patriot-Memory
USB,,Intenso,USB 3.0 Device 2TB,34,43.3,660,https://usb.userbenchmark.com/SpeedTest/12198/Intenso-USB-30-Device
USB,,BUFFALO,External HDD 3TB,35,43.3,185,https://usb.userbenchmark.com/SpeedTest/7033/BUFFALO-External-HDD
USB,SDCZ800-128G,SanDisk,Extreme Go USB 3.1 128GB,36,43,967,https://usb.userbenchmark.com/SpeedTest/259550/SanDisk-Extreme
USB,,WD,My Book 1230 2TB,37,41.7,4878,https://usb.userbenchmark.com/SpeedTest/7450/WD-My-Book-1230
USB,,WD,My Book 1230 4TB,38,41.3,14665,https://usb.userbenchmark.com/SpeedTest/2929/WD-My-Book-1230
USB,,ST3000DM,001-9YN166 3TB,39,41.2,21,https://usb.userbenchmark.com/SpeedTest/12114/ST3000DM-001-9YN166
USB,PSF64GXPUSB,Patriot,Supersonic Xpress USB 3.0 64GB,40,41.1,170,https://usb.userbenchmark.com/SpeedTest/3811/Patriot-Memory
USB,,asmedia,ASM1053E 2TB,41,40.2,9,https://usb.userbenchmark.com/SpeedTest/7201/asmedia-ASM1053E
USB,,WD,My Book 1230 3TB,42,39.8,7778,https://usb.userbenchmark.com/SpeedTest/9102/WD-My-Book-1230
USB,,ST4000DM,000-1F2168 4TB,43,39.5,48,https://usb.userbenchmark.com/SpeedTest/12113/ST4000DM-000-1F2168
USB,,Innostor,Innostor 256GB,44,39.4,23,https://usb.userbenchmark.com/SpeedTest/10725/Innostor-Innostor
USB,,Kingston,DT Ultimate 16GB,45,39.3,27,https://usb.userbenchmark.com/SpeedTest/2156/Kingston-DT-Ultimate
USB,,Kingston,DT HyperX 3.0 128GB,46,38.6,55,https://usb.userbenchmark.com/SpeedTest/6316/Kingston-DT-HyperX-30
USB,,LaCie,d2 Quadra v3C 2TB,47,38.3,31,https://usb.userbenchmark.com/SpeedTest/6946/LaCie-d2-Quadra-v3C
USB,,TrekStor,DS maxi light 30 2TB,48,38.2,49,https://usb.userbenchmark.com/SpeedTest/5132/TrekStor-DS-maxi-light-30
USB,,TOSHIBA,MQ01ABD050 500GB,49,37.9,3,https://usb.userbenchmark.com/SpeedTest/3559/TOSHIBA-MQ01ABD050
USB,,asmedia,ASM1053 2TB,50,37.6,96,https://usb.userbenchmark.com/SpeedTest/13016/asmedia-ASM1053
USB,,WD,My Book 1140 3TB,51,37.5,6710,https://usb.userbenchmark.com/SpeedTest/1579/WD-My-Book-1140
USB,,Corsair,Voyager GT 3.0 128GB,52,37.3,55,https://usb.userbenchmark.com/SpeedTest/4631/Corsair-Voyager-GT-30
USB,SDCZ800-064G,SanDisk,Extreme Go USB 3.1 64GB,53,37.3,2139,https://usb.userbenchmark.com/SpeedTest/233900/SanDisk-Extreme
USB,,Seagate,Backup+ Desk 1TB,54,37.2,191,https://usb.userbenchmark.com/SpeedTest/4767/Seagate-Backup--Desk
USB,,,MXUB3SES-16G 16GB,55,37.1,10,https://usb.userbenchmark.com/SpeedTest/6560/MXUB3SES-16G
USB,,I-O,DATA HDCA-UT 2TB,56,36.1,18,https://usb.userbenchmark.com/SpeedTest/2894/I-O-DATA-HDCA-UT
USB,,WD,My Book 3.0 1123 1TB,57,36,174,https://usb.userbenchmark.com/SpeedTest/4862/WD-My-Book-30-1123
USB,LJDNV64GCRBEU,Lexar,JumpDrive Triton USB 3.0 64GB,58,35,7,https://usb.userbenchmark.com/Lexar-JumpDrive-Triton-USB-30-64GB/Rating/1464
USB,,WD,My Book 1140 4TB,59,35,1831,https://usb.userbenchmark.com/SpeedTest/4814/WD-My-Book-1140
USB,,Initio,INIC-3609 500GB,60,34.5,136,https://usb.userbenchmark.com/SpeedTest/6861/Initio-INIC-3609
USB,,HGST,HTS 545050A7E680 500GB,61,34.4,137,https://usb.userbenchmark.com/SpeedTest/9890/HGST-HTS-545050A7E680
USB,,PNY,USB 3.0 FD 256GB,62,34.4,365,https://usb.userbenchmark.com/SpeedTest/11237/PNY-USB-30-FD
USB,LJDP10-16GCRBEU,Lexar,JumpDrive P10 USB 3.0 16GB,63,34.2,39,https://usb.userbenchmark.com/Lexar-JumpDrive-P10-USB-30-16GB/Rating/1477
USB,,Samsung,M3 Portable 2TB,64,33.9,5095,https://usb.userbenchmark.com/SpeedTest/5483/Samsung-M3-Portable
USB,LJDNV32GCRBEU,Lexar,JumpDrive Triton USB 3.0 32GB,65,33.9,45,https://usb.userbenchmark.com/Lexar-JumpDrive-Triton-USB-30-32GB/Rating/1465
USB,LJDP20-32GCRBNA,Lexar,JumpDrive P20 USB 3.0 32GB,66,33.6,225,https://usb.userbenchmark.com/Lexar-JumpDrive-P20-USB-30-32GB/Rating/3527
USB,LJDP20-32GCRBEU,Lexar,JumpDrive P20 USB 3.0 32GB,66,33.6,225,https://usb.userbenchmark.com/Lexar-JumpDrive-P20-USB-30-32GB/Rating/3527
USB,9000300,Lacie,XtremKey USB 3.0 32GB,67,33.6,5,https://usb.userbenchmark.com/Lacie-XtremKey-USB-30-32GB/Rating/1566
USB,,TOSHIBA,TransMemory-Ex2 32GB,68,33.3,36,https://usb.userbenchmark.com/SpeedTest/10053/TOSHIBA-TransMemory-Ex2
USB,AUE700-64G-CBK,Adata,DashDrive Elite UE700 USB 3.0 64GB,69,33.2,375,https://usb.userbenchmark.com/Adata-DashDrive-Elite-UE700-USB-30-64GB/Rating/1562
USB,,HGST,HTS 545050A7E680 500GB,70,33.2,44,https://usb.userbenchmark.com/SpeedTest/10410/HGST-HTS-545050A7E680
USB,SDCZ73-256G-G46,SanDisk,Ultra Flair USB 3.0 256GB,71,32.9,71,https://usb.userbenchmark.com/SpeedTest/405096/SanDisk-Ultra-USB-30
USB,,WD,My Book 1140 2TB,72,32.9,10094,https://usb.userbenchmark.com/SpeedTest/1552/WD-My-Book-1140
USB,,WD,My Passport 07AE 500GB,73,32.8,53,https://usb.userbenchmark.com/SpeedTest/9818/WD-My-Passport-07AE
USB,,WD,My Book 1170 2TB,74,32.3,539,https://usb.userbenchmark.com/SpeedTest/4578/WD-My-Book-1170
USB,,Seagate,External 2TB,75,32.1,680,https://usb.userbenchmark.com/SpeedTest/2144/Seagate-External
USB,CMFVYGT3A-64GB,Corsair,Flash Voyager GT USB 3.0 64GB,76,32.1,392,https://usb.userbenchmark.com/Corsair-Flash-Voyager-GT-USB-30-64GB/Rating/1567
USB,,ST1000LM,024 HN-M101MBB 1TB,77,32.1,61,https://usb.userbenchmark.com/SpeedTest/1653/ST1000LM-024-HN-M101MBB
USB,,WD,My Passport 0830 1TB,78,32,8379,https://usb.userbenchmark.com/SpeedTest/9130/WD-My-Passport-0830
USB,,ST1500DL,003-9VT16L 1.5TB,79,32,190,https://usb.userbenchmark.com/SpeedTest/4549/ST1500DL-003-9VT16L
USB,,WD,My Book 1130 3TB,80,31.8,806,https://usb.userbenchmark.com/SpeedTest/4861/WD-My-Book-1130
USB,CMFVYGT3A-32GB,Corsair,Flash Voyager GT USB 3.0 32GB,81,31.6,701,https://usb.userbenchmark.com/Corsair-Flash-Voyager-GT-USB-30-32GB/Rating/1570
USB,,Seagate,FA GoFlex Desk 2TB,82,31.6,2298,https://usb.userbenchmark.com/SpeedTest/1236/Seagate-FA-GoFlex-Desk
USB,,Seagate,External 1TB,83,31.6,204,https://usb.userbenchmark.com/SpeedTest/9293/Seagate-External
USB,,WD,My Passport 0741 1TB,84,31.6,1389,https://usb.userbenchmark.com/SpeedTest/4935/WD-My-Passport-0741
USB,,WD,My Passport 07A8 1TB,85,31.5,5659,https://usb.userbenchmark.com/SpeedTest/2838/WD-My-Passport-07A8
USB,,Seagate,Backup+ BK 2TB,86,31.5,80,https://usb.userbenchmark.com/SpeedTest/5646/Seagate-Backup---BK
USB,,WD,My Passport 0810 500GB,87,31.2,1144,https://usb.userbenchmark.com/SpeedTest/6985/WD-My-Passport-0810
USB,,PNY,USB 3.0 FD 128GB,88,31.1,752,https://usb.userbenchmark.com/SpeedTest/5535/PNY-USB-30-FD
USB,,PHD,3.0 Silicon-Power 1TB,89,31.1,4921,https://usb.userbenchmark.com/SpeedTest/5127/PHD-30-Silicon-Power
USB,,ST320005,42AS 2TB,90,31,53,https://usb.userbenchmark.com/SpeedTest/11690/ST320005-42AS
USB,,Seagate,USB 3.0 Cable 750GB,91,30.9,73,https://usb.userbenchmark.com/SpeedTest/4966/Seagate-USB-30-Cable
USB,,WD,My Passport 0816 500GB,92,30.8,17,https://usb.userbenchmark.com/SpeedTest/9999/WD-My-Passport-0816
USB,,WD,My Book 1130 2TB,93,30.7,1666,https://usb.userbenchmark.com/SpeedTest/2726/WD-My-Book-1130
USB,,ADATA,HV620 2TB,94,30.6,747,https://usb.userbenchmark.com/SpeedTest/4365/ADATA-HV620
USB,,WD,My Passport 1.5TB,95,30.5,802,https://usb.userbenchmark.com/SpeedTest/4563/WD-My-Passport-0748
USB,,WD,My Passport 2TB,96,30.4,10723,https://usb.userbenchmark.com/SpeedTest/1213/WD-My-Passport-0748
USB,,WD,My Passport 07A8 500GB,97,30.2,1257,https://usb.userbenchmark.com/SpeedTest/1639/WD-My-Passport-07A8
USB,,Intenso,USB 3.0 Device 1TB,98,30.1,1714,https://usb.userbenchmark.com/SpeedTest/12049/Intenso-USB-30-Device
USB,,WD,My Passport 0810 1TB,99,30.1,5284,https://usb.userbenchmark.com/SpeedTest/3372/WD-My-Passport-0810
USB,,WD,My Passport 0820 1TB,100,30,16483,https://usb.userbenchmark.com/SpeedTest/6273/WD-My-Passport-0820
USB,,Seagate,Wireless 1TB,101,29.9,411,https://usb.userbenchmark.com/SpeedTest/11345/Seagate-Wireless
USB,,WD,My Book 1140 1TB,102,29.9,1745,https://usb.userbenchmark.com/SpeedTest/2598/WD-My-Book-1140
USB,,WD,My Passport 0741 2TB,103,29.9,1643,https://usb.userbenchmark.com/SpeedTest/2722/WD-My-Passport-0741
USB,,Sony,Hard Drive 1TB,104,29.7,2286,https://usb.userbenchmark.com/SpeedTest/3633/Sony-Hard-Drive
USB,,Seagate,GoFlex Desk 1TB,105,29.7,402,https://usb.userbenchmark.com/SpeedTest/1395/Seagate-GoFlex-Desk
USB,,Sview,SV-WiFi-S250UN 1TB,106,29.6,23,https://usb.userbenchmark.com/SpeedTest/12439/Sview-SV-WiFi-S250UN
USB,,WD,My Passport 0820 2TB,107,29.5,18744,https://usb.userbenchmark.com/SpeedTest/2353/WD-My-Passport-0820
USB,,TOSHIBA,External USB 3.0 1.5TB,108,29.4,2135,https://usb.userbenchmark.com/SpeedTest/1470/TOSHIBA-External-USB-30
USB,,BUFFALO,HD-PCFU3 1TB,109,29.4,507,https://usb.userbenchmark.com/SpeedTest/3921/BUFFALO-HD-PCFU3
USB,,WD,My Passport 750GB,110,29.4,400,https://usb.userbenchmark.com/SpeedTest/6592/WD-My-Passport-0748
USB,,BUFFALO,HD-PNTU3 1TB,111,29.1,776,https://usb.userbenchmark.com/SpeedTest/7154/BUFFALO-HD-PNTU3
USB,,WD,My Passport 1TB,112,29.1,12840,https://usb.userbenchmark.com/SpeedTest/1272/WD-My-Passport-0748
USB,,BUFFALO,HD-PCTU3 1TB,113,29.1,1031,https://usb.userbenchmark.com/SpeedTest/4001/BUFFALO-HD-PCTU3
USB,,STT,EXPRESS ST4 32GB,114,29,5,https://usb.userbenchmark.com/SpeedTest/3654/STT-EXPRESS-ST4
USB,49807,Verbatim,Store n Go V3 Max USB 3.0 64GB,115,29,63,https://usb.userbenchmark.com/Verbatim-Store-n-Go-V3-Max-USB-30-64GB/Rating/1574
USB,,WDC,WD10 JPVT-75A1YT0 1TB,116,28.7,7,https://usb.userbenchmark.com/SpeedTest/7572/WDC-WD10-JPVT-75A1YT0
USB,DTU30G3/64GB,Kingston,DataTraveler Ultimate G3 USB 3.0 64GB,117,28.7,264,https://usb.userbenchmark.com/Kingston-DataTraveler-Ultimate-G3-USB-30-64GB/Rating/1457
USB,AUE700-32G-CBK,Adata,DashDrive Elite UE700 32GB,118,28.7,231,https://usb.userbenchmark.com/SpeedTest/5531/ADATA-USB-Flash-Drive
USB,,BUFFALO,HD-PZU3 1TB,119,28.4,421,https://usb.userbenchmark.com/SpeedTest/8185/BUFFALO-HD-PZU3
USB,,Corsair,Voyager GT 3.0 64GB,120,28.4,23,https://usb.userbenchmark.com/SpeedTest/5886/Corsair-Voyager-GT-30
USB,SDCZ73-064G-G46,SanDisk,Ultra Flair USB 3.0 64GB,121,28.3,7617,https://usb.userbenchmark.com/SpeedTest/41131/SanDisk-Ultra-USB-30
USB,MKNUFDVP64GB,Mushkin,Ventura Pro USB 3.0 64GB,122,28.3,99,https://usb.userbenchmark.com/Mushkin-Ventura-Pro-USB-30-64GB/Rating/1485
USB,,ADATA,HD710 1TB,123,28.1,3736,https://usb.userbenchmark.com/SpeedTest/11608/ADATA-HD710
USB,MKNUFDVP32GB,Mushkin,Ventura Pro USB 3.0 32GB,124,28,54,https://usb.userbenchmark.com/SpeedTest/1116/MUSHKIN-MKNUFDVP32GB
USB,,Innostor,Innostor 128GB,125,28,49,https://usb.userbenchmark.com/SpeedTest/8604/Innostor-Innostor
USB,,Corsair,Survivor 3.0 64GB,126,27.8,298,https://usb.userbenchmark.com/SpeedTest/4221/Corsair-Survivor-30
USB,,Seagate,GoFlex Desk 2TB,127,27.7,1143,https://usb.userbenchmark.com/SpeedTest/5157/Seagate-GoFlex-Desk
USB,,Samsung,M3 Portable 1TB,128,27.4,17632,https://usb.userbenchmark.com/SpeedTest/2232/Samsung-M3-Portable
USB,,TOSHIBA,External USB 3.0 750GB,129,27.2,1494,https://usb.userbenchmark.com/SpeedTest/2262/TOSHIBA-External-USB-30
USB,SDCZ48-064G,SanDisk,Ultra USB 3.0 64GB,130,27.2,17023,https://usb.userbenchmark.com/SpeedTest/2009/SanDisk-SanDisk-Ultra
USB,,Intenso,USB 3.0 Device 500GB,131,27.2,479,https://usb.userbenchmark.com/SpeedTest/3107/Intenso-USB-30-Device
USB,DTU30G3/32GB,Kingston,DataTraveler Ultimate G3 USB 3.0 32GB,132,27,590,https://usb.userbenchmark.com/Kingston-DataTraveler-Ultimate-G3-USB-30-32GB/Rating/1579
USB,,Toshiba,Ext HDD 1TB,133,27,373,https://usb.userbenchmark.com/SpeedTest/4693/Toshiba-Ext-HDD
USB,,Corsair,Voyager GT 3.0 32GB,134,26.8,65,https://usb.userbenchmark.com/SpeedTest/7226/Corsair-Voyager-GT-30
USB,LJDNV16GCRBEU,Lexar,JumpDrive Triton USB 3.0 16GB,135,26.8,33,https://usb.userbenchmark.com/Lexar-JumpDrive-Triton-USB-30-16GB/Rating/1268
USB,,PHD,3.0 Silicon-Power DB 1TB,136,26.5,195,https://usb.userbenchmark.com/SpeedTest/9460/PHD-30-Silicon-Power-DB
USB,9000146,Lacie,RuggedKey USB 3.0 16GB,137,26.4,35,https://usb.userbenchmark.com/Lacie-RuggedKey-USB-30-16GB/Rating/1345
USB,SDCZ43-064G-G46,SanDisk,Ultra Fit USB 3.0 64GB,138,26.4,12481,https://usb.userbenchmark.com/SanDisk-Ultra-Fit-USB-30-64GB/Rating/2698
USB,,TOSHIBA,STOR.E ALU 2S 1TB,139,26.4,946,https://usb.userbenchmark.com/SpeedTest/3834/TOSHIBA-STORE-ALU-2S
USB,AS102P-64G-RGY,Adata,DashDrive Elite S102 Pro USB 3.0 64GB,140,26.3,599,https://usb.userbenchmark.com/Adata-DashDrive-Elite-S102-Pro-USB-30-64GB/Rating/1642
USB,,Samsung,M2 Portable 3 750GB,141,26.2,93,https://usb.userbenchmark.com/SpeedTest/4998/Samsung-M2-Portable-3
USB,,Clikfree,Backup Drive 2TB,142,26.2,33,https://usb.userbenchmark.com/SpeedTest/9036/Clikfree-Backup-Drive
USB,,WD,My Book 1130 1TB,143,26.2,1203,https://usb.userbenchmark.com/SpeedTest/3807/WD-My-Book-1130
USB,,Seagate,Expansion 750GB,144,26.2,237,https://usb.userbenchmark.com/SpeedTest/9822/Seagate-Expansion
USB,,,HGST 1TB,145,26.2,1195,https://usb.userbenchmark.com/SpeedTest/8303/HGST
USB,SDCZ73-128G-G46,SanDisk,Ultra Flair USB 3.0 128GB,146,26.1,974,https://usb.userbenchmark.com/SpeedTest/40153/SanDisk-Ultra-USB-30
USB,SDCZ48-032G,SanDisk,Ultra USB 3.0 32GB,147,26,33725,https://usb.userbenchmark.com/SanDisk-Ultra-USB-30-32GB/Rating/1506
USB,,Imation,Apollo M100 USB3 1TB,148,26,137,https://usb.userbenchmark.com/SpeedTest/4968/Imation-Apollo-M100-USB3
USB,,HGST,Touro Mobile 3.0 1TB,149,25.8,310,https://usb.userbenchmark.com/SpeedTest/6821/HGST-Touro-Mobile-30
USB,DTR30/16GB,Kingston,DataTraveler R3.0 USB 3.0 16GB,150,25.7,505,https://usb.userbenchmark.com/Kingston-DataTraveler-R30-USB-30-16GB/Rating/1435
USB,,Samsung,M3 Portable 500GB,151,25.7,4300,https://usb.userbenchmark.com/SpeedTest/4900/Samsung-M3-Portable
USB,,ST310003,40SV 1TB,152,25.7,12,https://usb.userbenchmark.com/SpeedTest/2618/ST310003-40SV
USB,,ADATA,CH11 1TB,153,25.6,809,https://usb.userbenchmark.com/SpeedTest/12837/ADATA-CH11
USB,DTR30/64GB,Kingston,DataTraveler R3.0 USB 3.0 64GB,154,25.6,116,https://usb.userbenchmark.com/Kingston-DataTraveler-R30-USB-30-64GB/Rating/1576
USB,,WD,My Passport 500GB,155,25.5,3424,https://usb.userbenchmark.com/SpeedTest/3029/WD-My-Passport-0748
USB,,WD,Elements 1TB,156,25.5,51914,https://usb.userbenchmark.com/SpeedTest/1440/WD-Elements-1042
USB,,Seagate,FreeAgent GoFlex 750GB,157,25.5,305,https://usb.userbenchmark.com/SpeedTest/10825/Seagate-FreeAgent-GoFlex
USB,USM32GQ,Sony,Micro Vault Mach USB 3.0 32GB,158,25.3,250,https://usb.userbenchmark.com/SpeedTest/1466/Sony-Storage-Media
USB,DTU30G2/16GB,Kingston,DataTraveler Ultimate USB 3.0 16GB,159,25.3,125,https://usb.userbenchmark.com/Kingston-DataTraveler-Ultimate-USB-30-16GB/Rating/1271
USB,,WD,My Passport 0740 1TB,160,25.3,4204,https://usb.userbenchmark.com/SpeedTest/2373/WD-My-Passport-0740
USB,SDCZ73-032G-G46,SanDisk,Ultra Flair USB 3.0 32GB,161,25.1,9864,https://usb.userbenchmark.com/SpeedTest/40935/SanDisk-Ultra-USB-30
USB,,HDS72101,0KLA33R RSD HUA 1TB,162,25,3,https://usb.userbenchmark.com/SpeedTest/2619/HDS72101-0KLA33R-RSD-HUA
USB,,HitachiG,ST 1TB,163,25,711,https://usb.userbenchmark.com/SpeedTest/4440/HitachiG-ST
USB,SDCZ43-032G-G46,SanDisk,Ultra Fit USB 3.0 32GB,164,25,13359,https://usb.userbenchmark.com/SanDisk-Ultra-Fit-USB-30-32GB/Rating/2697
USB,,ADATA,HD710 500GB,165,25,341,https://usb.userbenchmark.com/SpeedTest/5080/ADATA-HD710
USB,,Corsair,Slider 3.0 124GB,166,24.8,340,https://usb.userbenchmark.com/SpeedTest/6680/Corsair-Slider-30
USB,DTR30G2/32GB,Kingston,DataTraveler R3.0 G2 USB 3.0 32GB,167,24.8,1204,https://usb.userbenchmark.com/Kingston-DataTraveler-R30-G2-USB-30-32GB/Rating/2427
USB,,Seagate,Backup+ BK 500GB,168,24.7,713,https://usb.userbenchmark.com/SpeedTest/5909/Seagate-Backup--BK
USB,,FANTOM,ST1500DL003-9VT1 1.5TB,169,24.5,53,https://usb.userbenchmark.com/SpeedTest/8163/FANTOM-ST1500DL003-9VT1
USB,,WD,Elements 750GB,170,24.5,330,https://usb.userbenchmark.com/SpeedTest/4327/WD-Elements-1042
USB,AS102P-32G-RGY,Adata,DashDrive Elite S102 Pro USB 3.0 32GB,171,24.3,1777,https://usb.userbenchmark.com/Adata-DashDrive-Elite-S102-Pro-USB-30-32GB/Rating/1612
USB,,WD,My Passport 0740 500GB,172,24.1,3483,https://usb.userbenchmark.com/SpeedTest/2389/WD-My-Passport-0740
USB,,Samsung,S2 Portable 3 1TB,173,24.1,612,https://usb.userbenchmark.com/SpeedTest/6398/Samsung-S2-Portable-3
USB,,Corsair,Survivor 3.0 32GB,174,24.1,282,https://usb.userbenchmark.com/SpeedTest/4778/Corsair-Survivor-30
USB,,HGST,Touro Mobile 3.0 500GB,175,24.1,123,https://usb.userbenchmark.com/SpeedTest/5588/HGST-Touro-Mobile-30
USB,,,,176,24,623,https://usb.userbenchmark.com/SpeedTest/10408/
USB,,WD,Elements 500GB,177,24,10869,https://usb.userbenchmark.com/SpeedTest/2903/WD-Elements-10A8
USB,,ADATA,HD710 750GB,178,23.9,41,https://usb.userbenchmark.com/SpeedTest/2729/ADATA-HD710
USB,,WD,Elements 2TB,179,23.7,35768,https://usb.userbenchmark.com/SpeedTest/6601/WD-Elements-1048
USB,AN005P-64G-CGY,Adata,Nobility N005 Pro USB 3.0 64GB,180,23.6,67,https://usb.userbenchmark.com/Adata-Nobility-N005-Pro-USB-30-64GB/Rating/1568
USB,,Seagate,Portable 750GB,181,23.6,84,https://usb.userbenchmark.com/SpeedTest/11316/Seagate-Portable
USB,,TOSHIBA,STOR.E PARTNER 1TB,182,23.5,758,https://usb.userbenchmark.com/SpeedTest/7148/TOSHIBA-STORE-PARTNER
USB,,WD,My Passport Essential USB 3.0 1TB,183,23.5,2431,https://usb.userbenchmark.com/SpeedTest/1508/WD-My-Passport-0730
USB,49805,Verbatim,Store n Go V3 Max USB 3.0 16GB,184,23.3,38,https://usb.userbenchmark.com/Verbatim-Store-n-Go-V3-Max-USB-30-16GB/Rating/1544
USB,USM16GQ,Sony,Micro Vault Mach USB 3.0 16GB,185,23,306,https://usb.userbenchmark.com/Sony-Micro-Vault-Mach-USB-30-16GB/Rating/1300
USB,SDCZ48-016G,SanDisk,Ultra USB 3.0 16GB,186,22.9,19339,https://usb.userbenchmark.com/SanDisk-Ultra-USB-30-16GB/Rating/1658
USB,,WD,My Passport 0740 750GB,187,22.8,472,https://usb.userbenchmark.com/SpeedTest/7630/WD-My-Passport-0740
USB,AN005P-32G-CGY,Adata,Nobility N005 Pro USB 3.0 32GB,188,22.7,68,https://usb.userbenchmark.com/Adata-Nobility-N005-Pro-USB-30-32GB/Rating/1569
USB,,WD,My Passport Essential USB 3.0 750GB,189,22.6,611,https://usb.userbenchmark.com/SpeedTest/3384/WD-My-Passport-0730
USB,CMFVY3S-32GB,Corsair,Flash Voyager USB 3.0 32GB,190,22.5,406,https://usb.userbenchmark.com/SpeedTest/5153/Corsair-Voyager-30
USB,,HitachiG,ST 500GB,191,22.4,401,https://usb.userbenchmark.com/SpeedTest/2152/HitachiG-ST
USB,LJDS25-64GABNL,Lexar,JumpDrive S25 USB 3.0 64GB,192,22.3,1615,https://usb.userbenchmark.com/Lexar-JumpDrive-S25-USB-30-64GB/Rating/3531
USB,LJDS25-64GABEU,Lexar,JumpDrive S25 USB 3.0 64GB,192,22.3,1615,https://usb.userbenchmark.com/Lexar-JumpDrive-S25-USB-30-64GB/Rating/3531
USB,,,HGST 500GB,193,22.2,509,https://usb.userbenchmark.com/SpeedTest/4568/HGST
USB,AUV150-32G-RRD,Adata,DashDrive UV150 USB 3.0 32GB,194,22.2,1414,https://usb.userbenchmark.com/Adata-DashDrive-UV150-USB-30-32GB/Rating/1880
USB,,Fantom,External HDD 1.5TB,195,22.1,26,https://usb.userbenchmark.com/SpeedTest/12404/Fantom-External-HDD
USB,AUV128-64G-RBE,Adata,DashDrive UV128 USB 3.0 64GB,196,22,783,https://usb.userbenchmark.com/SpeedTest/3052/ADATA-USB-Flash-Drive
USB,SDCZ73-016G-G46,SanDisk,Ultra Flair USB 3.0 16GB,197,22,10598,https://usb.userbenchmark.com/SpeedTest/42837/SanDisk-Ultra-USB-30
USB,,Seagate,FreeAgent GoFlex 1.5TB,198,21.9,771,https://usb.userbenchmark.com/SpeedTest/5406/Seagate-FreeAgent-GoFlex
USB,DTU30G2/64GB,Kingston,DataTraveler Ultimate USB 3.0 64GB,199,21.9,34,https://usb.userbenchmark.com/SpeedTest/2101/Kingston-DT-Ultimate-G2
USB,AUV128-32G-RBE,Adata,DashDrive UV128 USB 3.0 32GB,200,21.9,2386,https://usb.userbenchmark.com/Adata-DashDrive-UV128-USB-30-32GB/Rating/1581
USB,,Seagate,Slim BK 500GB,201,21.9,92,https://usb.userbenchmark.com/SpeedTest/7379/Seagate-Slim--BK
USB,LJDS23-64GABEU,Lexar,JumpDrive S23 USB 3.0 64GB,202,21.8,319,https://usb.userbenchmark.com/Lexar-JumpDrive-S23-USB-30-64GB/Rating/1571
USB,,Seagate,Backup+ BK 1.5TB,203,21.8,116,https://usb.userbenchmark.com/SpeedTest/6263/Seagate-Backup--BK
USB,,PNY,USB 3.0 FD 32GB,204,21.7,296,https://usb.userbenchmark.com/SpeedTest/4970/PNY-USB-30-FD
USB,,Seagate,USB 3.0 Cable 1.5TB,205,21.6,219,https://usb.userbenchmark.com/SpeedTest/10623/Seagate-USB-30-Cable
USB,SDCZ43-016G-G46,SanDisk,Ultra Fit USB 3.0 16GB,206,21.6,10486,https://usb.userbenchmark.com/SanDisk-Ultra-Fit-USB-30-16GB/Rating/2694
USB,49806,Verbatim,Store n Go V3 Max USB 3.0 32GB,207,21.3,80,https://usb.userbenchmark.com/Verbatim-Store-n-Go-V3-Max-USB-30-32GB/Rating/1573
USB,,Seagate,Portable 1.5TB,208,20.9,240,https://usb.userbenchmark.com/SpeedTest/3291/Seagate-Portable
USB,,WD,My Passport Essential USB 3.0 500GB,209,20.9,2842,https://usb.userbenchmark.com/SpeedTest/2140/WD-My-Passport-0730
USB,LJDS23-32GABEU,Lexar,JumpDrive S23 USB 3.0 32GB,210,20.8,609,https://usb.userbenchmark.com/Lexar-JumpDrive-S23-USB-30-32GB/Rating/1572
USB,LJDS25-32GABNL,Lexar,JumpDrive S25 USB 3.0 32GB,211,20.8,3792,https://usb.userbenchmark.com/Lexar-JumpDrive-S25-USB-30-32GB/Rating/3530
USB,LJDS25-32GABEU,Lexar,JumpDrive S25 USB 3.0 32GB,211,20.8,3792,https://usb.userbenchmark.com/Lexar-JumpDrive-S25-USB-30-32GB/Rating/3530
USB,DTR30/32GB,Kingston,DataTraveler R3.0 USB 3.0 32GB,212,20.6,362,https://usb.userbenchmark.com/Kingston-DataTraveler-R30-USB-30-32GB/Rating/1577
USB,,Seagate,FreeAgent GoFlex 1TB,213,20.4,3701,https://usb.userbenchmark.com/SpeedTest/4081/Seagate-FreeAgent-GoFlex
USB,CMFVYGT3A-16GB,Corsair,Flash Voyager GT USB 3.0 16GB,214,20.4,119,https://usb.userbenchmark.com/Corsair-Flash-Voyager-GT-USB-30-16GB/Rating/1272
USB,,Kingston,SNA-DC/U 500GB,215,20.3,851,https://usb.userbenchmark.com/SpeedTest/1256/Kingston-SNA-DCU
USB,AS107-32G-RBL,Adata,S107 USB 3.0 32GB,216,20.1,125,https://usb.userbenchmark.com/SpeedTest/5164/ADATA-USB-Flash-Drive
USB,,JetFlash,Transcend 32GB,217,20,11405,https://usb.userbenchmark.com/SpeedTest/1255/JetFlash-Transcend-32GB
USB,CMFSV3-32GB,Corsair,Flash Survivor USB 3.0 32GB,218,19.8,253,https://usb.userbenchmark.com/SpeedTest/3907/Corsair-Survivor-30
USB,CMFVV3-32GB,Corsair,Flash Voyager Vega USB 3.0 32GB,219,19.6,165,https://usb.userbenchmark.com/SpeedTest/16103/Corsair-Voyager-VEGA
USB,,Corsair,Survivor 3.0 16GB,220,19.5,129,https://usb.userbenchmark.com/SpeedTest/4762/Corsair-Survivor-30
USB,,TS-RDF5,SD Transcend 32GB,221,19.4,1099,https://usb.userbenchmark.com/SpeedTest/1141/TS-RDF5-SD--Transcend
USB,,WD,My Passport Essential USB 3.0 320GB,222,19.2,234,https://usb.userbenchmark.com/SpeedTest/7249/WD-My-Passport-0730
USB,,MUSHKIN,MKNUFDAM32GB 32GB,223,19.2,48,https://usb.userbenchmark.com/SpeedTest/6798/MUSHKIN-MKNUFDAM32GB
USB,,FCR-HS3,-0 16GB,224,19.1,33,https://usb.userbenchmark.com/SpeedTest/7021/FCR-HS3--------0
USB,,Seagate,USB 2.0 Cable 500GB,225,19,191,https://usb.userbenchmark.com/SpeedTest/6667/Seagate-USB-20-Cable
USB,,WD,My Book 640GB,226,19,1033,https://usb.userbenchmark.com/SpeedTest/8636/WD-6400AAC-External
USB,,WD,My Book 500GB,227,19,3986,https://usb.userbenchmark.com/SpeedTest/1601/WD-5000AAV-External
USB,,TOSHIBA,MK5075GSX 500GB,228,19,205,https://usb.userbenchmark.com/SpeedTest/2025/TOSHIBA-MK5075GSX
USB,PSF32GXPUSB,Patriot,Supersonic Xpress USB 3.0 32GB,229,18.8,268,https://usb.userbenchmark.com/SpeedTest/2711/Patriot-Memory
USB,LJDS25-16GABNL,Lexar,JumpDrive S25 USB 3.0 16GB,230,18.8,1806,https://usb.userbenchmark.com/Lexar-JumpDrive-S25-USB-30-16GB/Rating/3529
USB,LJDS25-16GABEU,Lexar,JumpDrive S25 USB 3.0 16GB,230,18.8,1806,https://usb.userbenchmark.com/Lexar-JumpDrive-S25-USB-30-16GB/Rating/3529
USB,49174,Verbatim,Store n Go V3 USB 3.0 64GB,231,18.7,1208,https://usb.userbenchmark.com/Verbatim-Store-n-Go-V3-USB-30-64GB/Rating/1472
USB,,Hitachi,HTS543225L9A300 250GB,232,18.7,7,https://usb.userbenchmark.com/SpeedTest/7573/Hitachi-HTS543225L9A300
USB,,Lexar,JumpDrive 16GB,233,18.7,167,https://usb.userbenchmark.com/SpeedTest/2182/Lexar-JumpDrive
USB,,MICRONET,FANTOM DRIVE 2TB,234,18.6,254,https://usb.userbenchmark.com/SpeedTest/4927/MICRONET-FANTOM-DRIVE
USB,,WD,My Book 2TB,235,18.5,441,https://usb.userbenchmark.com/SpeedTest/3665/WD-My-Book
USB,,Seagate,FreeAgent GoFlex 500GB,236,18.5,3970,https://usb.userbenchmark.com/SpeedTest/1147/Seagate-FreeAgent-GoFlex
USB,,WD,My Book 1TB,237,18.2,10299,https://usb.userbenchmark.com/SpeedTest/3236/WD-10EAVS-External
USB,INFD16GBNEONOR3.0,Integral,Neon USB 3.0 16GB,238,18.2,844,https://usb.userbenchmark.com/Integral-Neon-USB-30-16GB/Rating/1484
USB,,Kingston,DataTraveler 3.0 32GB,239,18.2,31,https://usb.userbenchmark.com/SpeedTest/2312/Kingston-DataTraveler-30
USB,,Seagate,Desktop 500GB,240,18.2,1637,https://usb.userbenchmark.com/SpeedTest/4085/Seagate-Desktop
USB,CMFVY3S-16GB,Corsair,Flash Voyager USB 3.0 16GB,241,18.1,378,https://usb.userbenchmark.com/Corsair-Flash-Voyager-USB-30-16GB/Rating/1269
USB,,TOSHIBA,TransMemory-Mx 64GB,242,18.1,308,https://usb.userbenchmark.com/SpeedTest/5913/TOSHIBA-TransMemory-Mx
USB,,WD,10EACS External 1TB,243,18.1,353,https://usb.userbenchmark.com/SpeedTest/10194/WD-10EACS-External
USB,,Corsair,Slider 3.0 64GB,244,18,314,https://usb.userbenchmark.com/SpeedTest/4333/Corsair-Slider-30
USB,,Lexar,SD USB_3_0 Read 16GB,245,18,71,https://usb.userbenchmark.com/SpeedTest/6659/Lexar-SD--USB-3-0-Read
USB,,WD,5000AAV External 500GB,246,18,372,https://usb.userbenchmark.com/SpeedTest/9377/WD-5000AAV-External
USB,DT100G3/64GB,Kingston,DataTraveler 100 G3 USB 3.0 64GB,247,17.9,26708,https://usb.userbenchmark.com/SpeedTest/1742/Kingston-DataTraveler-30
USB,,STECH,Simple Drive 500GB,248,17.9,50,https://usb.userbenchmark.com/SpeedTest/4961/STECH-Simple-Drive
USB,49172,Verbatim,Store n Go V3 USB 3.0 16GB,249,17.8,2535,https://usb.userbenchmark.com/Verbatim-Store-n-Go-V3-USB-30-16GB/Rating/1347
USB,,WD,My Book 320GB,250,17.8,367,https://usb.userbenchmark.com/SpeedTest/7412/WD-3200AAV-External
USB,,TOSHIBA,USB DRV 14GB,251,17.8,9,https://usb.userbenchmark.com/SpeedTest/9342/TOSHIBA-TOSHIBA-USB-DRV
USB,,WD,3200AAC External 320GB,252,17.8,14,https://usb.userbenchmark.com/SpeedTest/4012/WD-3200AAC-External
USB,,WD,My Book 750GB,253,17.8,378,https://usb.userbenchmark.com/SpeedTest/8123/WD-7500AAC-External
USB,,Samsung,G3 Station 2TB,254,17.7,493,https://usb.userbenchmark.com/SpeedTest/6390/Samsung-G3-Station
USB,,FUJITSU,MJA2500BH G2 500GB,255,17.7,4,https://usb.userbenchmark.com/SpeedTest/2841/FUJITSU-MJA2500BH-G2
USB,,Seagate,FreeAgent 500GB,256,17.7,744,https://usb.userbenchmark.com/SpeedTest/8181/Seagate-FreeAgent
USB,,WD,15EARS External 1.5TB,257,17.7,277,https://usb.userbenchmark.com/SpeedTest/4158/WD-15EARS-External
USB,,WD,5000AAD External 500GB,258,17.5,282,https://usb.userbenchmark.com/SpeedTest/3176/WD-5000AAD-External
USB,,WD,Elements 1.5TB,259,17.5,5064,https://usb.userbenchmark.com/SpeedTest/1906/WD-Ext-HDD-1021
USB,,WD,5000AAK External 500GB,260,17.5,118,https://usb.userbenchmark.com/SpeedTest/3775/WD-5000AAK-External
USB,49173,Verbatim,Store n Go V3 USB 3.0 32GB,261,17.4,2740,https://usb.userbenchmark.com/Verbatim-Store-n-Go-V3-USB-30-32GB/Rating/1471
USB,,WD,10EADS External 1TB,262,17.4,3369,https://usb.userbenchmark.com/SpeedTest/2848/WD-10EADS-External
USB,,Seagate,FreeAgent XTreme 1.5TB,263,17.3,121,https://usb.userbenchmark.com/SpeedTest/4363/Seagate-FreeAgent-XTreme
USB,,WD,5000AAJ External 500GB,264,17.3,160,https://usb.userbenchmark.com/SpeedTest/9524/WD-5000AAJ-External
USB,,Hammer,Morespace 1TB,265,17.3,54,https://usb.userbenchmark.com/SpeedTest/3796/Hammer-Morespace
USB,,PI-239,USB 2.0 Drive 1TB,266,17.2,701,https://usb.userbenchmark.com/SpeedTest/3684/PI-239-USB-20-Drive
USB,,Samsung,G2 Portable 500GB,267,17.2,768,https://usb.userbenchmark.com/SpeedTest/4274/Samsung-G2-Portable
USB,,Samsung,S2 Portable 500GB,268,17.2,2689,https://usb.userbenchmark.com/SpeedTest/4989/Samsung-S2-Portable
USB,,Samsung,G2 Portable 400GB,269,17.1,47,https://usb.userbenchmark.com/SpeedTest/3553/Samsung-G2-Portable
USB,,JetFlash,Transcend 64GB,270,17.1,3351,https://usb.userbenchmark.com/SpeedTest/2878/JetFlash-Transcend-64GB
USB,,Seagate,Desktop 1TB,271,17.1,4684,https://usb.userbenchmark.com/SpeedTest/1345/Seagate-Desktop
USB,,,FV-U35 1TB,272,17,87,https://usb.userbenchmark.com/SpeedTest/4300/FV-U35
USB,,WD,My Book Essentials 2TB,273,17,1714,https://usb.userbenchmark.com/SpeedTest/4485/WD-My-Book-1110
USB,,Samsung,STORY Station 1TB,274,16.9,625,https://usb.userbenchmark.com/SpeedTest/8847/Samsung-STORY-Station
USB,,WD,1600BEV External 160GB,275,16.9,420,https://usb.userbenchmark.com/SpeedTest/6588/WD-1600BEV-External
USB,,WD,10EARS External 1TB,276,16.9,115,https://usb.userbenchmark.com/SpeedTest/7047/WD-10EARS-External
USB,,Samsung,G3 Station 1TB,277,16.9,462,https://usb.userbenchmark.com/SpeedTest/5021/Samsung-G3-Station
USB,,TOSHIBA,USB 3.5"-HDD 1TB,278,16.8,621,https://usb.userbenchmark.com/SpeedTest/6612/TOSHIBA-USB-35--HDD
USB,DTE30/16GB,Kingston,DataTraveler Elite USB 3.0 16GB,279,16.8,144,https://usb.userbenchmark.com/Kingston-DataTraveler-Elite-USB-30-16GB/Rating/1293
USB,,WD,2500BMV External 250GB,280,16.8,500,https://usb.userbenchmark.com/SpeedTest/4646/WD-2500BMV-External
USB,,WD,6400AAK External 640GB,281,16.8,141,https://usb.userbenchmark.com/SpeedTest/2532/WD-6400AAK-External
USB,,WD,3200BMV External 320GB,282,16.7,822,https://usb.userbenchmark.com/SpeedTest/5495/WD-3200BMV-External
USB,LJDS23-16GABEU,Lexar,JumpDrive S23 USB 3.0 16GB,283,16.7,500,https://usb.userbenchmark.com/Lexar-JumpDrive-S23-USB-30-16GB/Rating/1549
USB,,WD,5000BMV External 500GB,284,16.7,470,https://usb.userbenchmark.com/SpeedTest/1281/WD-5000BMV-External
USB,,WD,My Book Essentials 1.5TB,285,16.7,1072,https://usb.userbenchmark.com/SpeedTest/4848/WD-My-Book-1110
USB,AS102P-16G-RGY,Adata,S102 Pro USB 3.0 16GB,286,16.7,1656,https://usb.userbenchmark.com/Adata-S102-Pro-USB-30-16GB/Rating/1346
USB,CMFSV3-16GB,Corsair,Flash Survivor USB 3.0 16GB,287,16.6,130,https://usb.userbenchmark.com/Corsair-Flash-Survivor-USB-30-16GB/Rating/1277
USB,,Maxtor,OneTouch 500GB,288,16.6,752,https://usb.userbenchmark.com/SpeedTest/4159/Maxtor-OneTouch
USB,,Samsung,STORY Station 1.5TB,289,16.6,903,https://usb.userbenchmark.com/SpeedTest/3139/Samsung-STORY-Station
USB,,WD,My Book Essentials 1TB,290,16.6,3704,https://usb.userbenchmark.com/SpeedTest/2793/WD-My-Book-1110
USB,,WD,My Book Elite 2TB,291,16.5,290,https://usb.userbenchmark.com/SpeedTest/1251/WD-My-Book-1111
USB,,Samsung,S2 Portable 320GB,292,16.4,1030,https://usb.userbenchmark.com/SpeedTest/7054/Samsung-S2-Portable
USB,,Corsair,Slider 3.0 32GB,293,16.4,523,https://usb.userbenchmark.com/SpeedTest/3644/Corsair-Slider-30
USB,DT100G3/32GB,Kingston,DataTraveler 100 G3 USB 3.0 32GB,294,16.3,66405,https://usb.userbenchmark.com/SpeedTest/1510/Kingston-DataTraveler-30
USB,,Seagate,FreeAgent Pro 500GB,295,16.2,41,https://usb.userbenchmark.com/SpeedTest/4188/Seagate-FreeAgent-Pro
USB,,Toshiba,StorE HDD 1.5TB,296,16.2,105,https://usb.userbenchmark.com/SpeedTest/9515/Toshiba-StorE-HDD
USB,,Sony,Storage Media 32GB,297,16.2,242,https://usb.userbenchmark.com/SpeedTest/1992/Sony-Storage-Media
USB,,WD,My Book Elite 1TB,298,16.2,763,https://usb.userbenchmark.com/SpeedTest/4963/WD-My-Book-1111
USB,AUV150-16G-RRD,Adata,DashDrive UV150 USB 3.0 16GB,299,16.1,1302,https://usb.userbenchmark.com/Adata-DashDrive-UV150-USB-30-16GB/Rating/1879
USB,,WD,1600BEVExternal 160GB,300,16.1,215,https://usb.userbenchmark.com/SpeedTest/3232/WD-1600BEVExternal
USB,,HP,External HDD 999GB,301,16,996,https://usb.userbenchmark.com/SpeedTest/2612/HP-External-HDD
USB,,Samsung,S2 Portable 1TB,302,16,1558,https://usb.userbenchmark.com/SpeedTest/3753/Samsung-S2-Portable
USB,AUV128-16G-RBE,Adata,DashDrive UV128 USB 3.0 16GB,303,16,2489,https://usb.userbenchmark.com/SpeedTest/1986/ADATA-USB-Flash-Drive
USB,,WD,15EADS External 1.5TB,304,15.9,1396,https://usb.userbenchmark.com/SpeedTest/3490/WD-15EADS-External
USB,,A-DATA,HDD CH91 320GB,305,15.9,19,https://usb.userbenchmark.com/SpeedTest/4535/A-DATA-HDD-CH91
USB,,Packard,Bell Carbon 1TB,306,15.8,425,https://usb.userbenchmark.com/SpeedTest/2124/Packard-Bell-Carbon
USB,,Maxtor,Basics Desktop 1TB,307,15.8,410,https://usb.userbenchmark.com/SpeedTest/3444/Maxtor-Basics-Desktop
USB,,Samsung,S2 Portable 640GB,308,15.7,712,https://usb.userbenchmark.com/SpeedTest/4055/Samsung-S2-Portable
USB,,Hitachi,HTS545050B9A300 500GB,309,15.6,393,https://usb.userbenchmark.com/SpeedTest/8344/Hitachi-HTS545050B9A300
USB,,BUFFALO,HD-PCU2 500GB,310,15.6,449,https://usb.userbenchmark.com/SpeedTest/3877/BUFFALO-HD-PCU2
USB,,Seagate,FreeAgent GoFlex 250GB,311,15.6,216,https://usb.userbenchmark.com/SpeedTest/12253/Seagate-FreeAgent-GoFlex
USB,,BUFFALO,HD-PCU2 1TB,312,15.6,282,https://usb.userbenchmark.com/SpeedTest/1252/BUFFALO-HD-PCU2
USB,,WD,My Passport Essential 320GB,313,15.6,787,https://usb.userbenchmark.com/SpeedTest/6315/WD-My-Passport-070A
USB,,Kingston,DataTraveler 3.0 126GB,314,15.5,365,https://usb.userbenchmark.com/SpeedTest/8363/Kingston-DataTraveler-30
USB,,Toshiba,External USB HDD 500GB,315,15.5,634,https://usb.userbenchmark.com/SpeedTest/2565/Toshiba-External-USB-HDD
USB,AS102-16G-RGY,Adata,S102 USB 3.0 16GB,316,15.5,203,https://usb.userbenchmark.com/SpeedTest/2953/ADATA-USB-Flash-Drive
USB,AN005P-16G-CGY,Adata,Nobility N005 Pro USB 3.0 16GB,317,15.4,57,https://usb.userbenchmark.com/Adata-Nobility-N005-Pro-USB-30-16GB/Rating/1274
USB,,Maxtor,OneTouch 750GB,318,15.4,332,https://usb.userbenchmark.com/SpeedTest/2359/Maxtor-OneTouch
USB,,Seagate,FreeAgent Go 500GB,319,15.3,2192,https://usb.userbenchmark.com/SpeedTest/1786/Seagate-FreeAgent-Go
USB,,PHD,2.0 Silicon-Power DB 500GB,320,15.3,47,https://usb.userbenchmark.com/SpeedTest/9923/PHD-20-Silicon-Power-DB
USB,BUSLPD3016R,Busbi,Bolt USB 3.0 16GB,321,15.3,1,https://usb.userbenchmark.com/Busbi-Bolt-USB-30-16GB/Rating/1341
USB,,Seagate,FreeAgent XTreme 2TB,322,15.2,43,https://usb.userbenchmark.com/SpeedTest/6547/Seagate-FreeAgent-XTreme
USB,,Seagate,Portable 250GB,323,15.2,728,https://usb.userbenchmark.com/SpeedTest/6649/Seagate-Portable
USB,,Leef,Supra 32GB,324,15.2,9,https://usb.userbenchmark.com/SpeedTest/5926/Leef-Supra
USB,,Samsung,G2 Portable 640GB,325,15.2,444,https://usb.userbenchmark.com/SpeedTest/3669/Samsung-G2-Portable
USB,,WD,My Passport Elite 500GB,326,15.2,362,https://usb.userbenchmark.com/SpeedTest/5158/WD-My-Passport-070B
USB,,WD,My Passport 071A 500GB,327,15.2,1003,https://usb.userbenchmark.com/SpeedTest/1488/WD-My-Passport-071A
USB,,Apacer,AC601 320GB,328,15.2,34,https://usb.userbenchmark.com/SpeedTest/12069/Apacer-AC601
USB,,WD,My Passport 071A 1TB,329,15.2,580,https://usb.userbenchmark.com/SpeedTest/6503/WD-My-Passport-071A
USB,,IT-CEO,USB2.0SATADevice 500GB,330,15.2,87,https://usb.userbenchmark.com/SpeedTest/12490/IT-CEO-USB20SATADevice
USB,,SAMSUNG,HD501LJ 500GB,331,15.2,113,https://usb.userbenchmark.com/SpeedTest/4007/SAMSUNG-HD501LJ
USB,,BUFFALO,HD-PXU2 499GB,332,15.1,40,https://usb.userbenchmark.com/SpeedTest/8186/BUFFALO-HD-PXU2
USB,LJDS23-8GABEU,Lexar,JumpDrive S23 USB 3.0 8GB,333,15.1,131,https://usb.userbenchmark.com/SpeedTest/1499/Lexar-USB-Flash-Drive
USB,,Maxtor,Basics Desktop 500GB,334,15.1,444,https://usb.userbenchmark.com/SpeedTest/5421/Maxtor-Basics-Desktop
USB,,ADATA,HDD CH94 500GB,335,15.1,304,https://usb.userbenchmark.com/SpeedTest/6060/ADATA-HDD-CH94
USB,,Seagate,Desktop 1.5TB,336,15,569,https://usb.userbenchmark.com/SpeedTest/3941/Seagate-Desktop
USB,,FCR-HS3,-1 16GB,337,15,75,https://usb.userbenchmark.com/SpeedTest/10799/FCR-HS3--------1
USB,PSF16GXPUSB,Patriot,Supersonic Xpress USB 3.0 16GB,338,15,91,https://usb.userbenchmark.com/Patriot-Supersonic-Xpress-USB-30-16GB/Rating/1273
USB,MKNUFDVT16GB,Mushkin,Ventura USB 3.0 16GB,339,15,8,https://usb.userbenchmark.com/Mushkin-Ventura-USB-30-16GB/Rating/1296
USB,,WD,5000AAJB Externa 500GB,340,15,36,https://usb.userbenchmark.com/SpeedTest/2703/WD-5000AAJB-Externa
USB,,WD,My Passport 071A 250GB,341,15,126,https://usb.userbenchmark.com/SpeedTest/5046/WD-My-Passport-071A
USB,,,SecureLock 64GB,342,14.9,12,https://usb.userbenchmark.com/SpeedTest/8002/SecureLock
USB,,SPCC,PHD 320GB,343,14.9,58,https://usb.userbenchmark.com/SpeedTest/6173/SPCC-PHD
USB,ST3U16EDB,Super Talent,Express DUO USB 3.0 16GB,344,14.9,28,https://usb.userbenchmark.com/Super-Talent-Express-DUO-USB-30-16GB/Rating/39
USB,,Seagate,Portable 320GB,345,14.9,786,https://usb.userbenchmark.com/SpeedTest/4645/Seagate-Portable
USB,,WD,My Passport Essential 500GB,346,14.8,1381,https://usb.userbenchmark.com/SpeedTest/3986/WD-My-Passport-070A
USB,,WD,1200BEA External 120GB,347,14.8,49,https://usb.userbenchmark.com/SpeedTest/10946/WD-1200BEA-External
USB,,Seagate,FreeAgent 2TB,348,14.8,370,https://usb.userbenchmark.com/SpeedTest/9303/Seagate-FreeAgent
USB,,Kingston,DT microDuo 3.0 16GB,349,14.8,1102,https://usb.userbenchmark.com/SpeedTest/12572/Kingston-DT-microDuo-30
USB,,Corsair,Voyager Mini 3.0 16GB,350,14.6,180,https://usb.userbenchmark.com/SpeedTest/5329/Corsair-Voyager-Mini-30
USB,,Seagate,FreeAgent Go 320GB,351,14.6,1223,https://usb.userbenchmark.com/SpeedTest/7077/Seagate-FreeAgent-Go
USB,,TOSHIBA,TransMemory-Mx 32GB,352,14.5,613,https://usb.userbenchmark.com/SpeedTest/2142/TOSHIBA-TransMemory-Mx
USB,,WDC,WD16 00BEVS-60RST0 160GB,353,14.4,31,https://usb.userbenchmark.com/SpeedTest/10026/WDC-WD16-00BEVS-60RST0
USB,,Maxtor,Basics Portable 250GB,354,14.4,103,https://usb.userbenchmark.com/SpeedTest/10334/Maxtor-Basics-Portable
USB,,Corsair,Slider 3.0 16GB,355,14.2,229,https://usb.userbenchmark.com/SpeedTest/1196/Corsair-Slider-30
USB,,Seagate,FreeAgentDesktop 320GB,356,14.2,293,https://usb.userbenchmark.com/SpeedTest/3261/Seagate-FreeAgentDesktop
USB,,WD,1600BEA External 160GB,357,14.2,75,https://usb.userbenchmark.com/SpeedTest/12871/WD-1600BEA-External
USB,,Seagate,FreeAgentDesktop 250GB,358,14.2,638,https://usb.userbenchmark.com/SpeedTest/3122/Seagate-FreeAgentDesktop
USB,,WD,5000AAKB Externa 500GB,359,14.1,112,https://usb.userbenchmark.com/SpeedTest/11686/WD-5000AAKB-Externa
USB,,Seagate,Desktop 2TB,360,14,3779,https://usb.userbenchmark.com/SpeedTest/3622/Seagate-Desktop
USB,,Seagate,FreeAgentDesktop 500GB,361,14,1370,https://usb.userbenchmark.com/SpeedTest/1269/Seagate-FreeAgentDesktop
USB,,Seagate,FA GoFlex Desk 1.5TB,362,13.9,770,https://usb.userbenchmark.com/SpeedTest/6129/Seagate-FA-GoFlex-Desk
USB,,Toshiba,StorE HDD 500GB,363,13.9,390,https://usb.userbenchmark.com/SpeedTest/8768/Toshiba-StorE-HDD
USB,49171,Verbatim,Store n Go V3 USB 3.0 8GB,364,13.9,697,https://usb.userbenchmark.com/SpeedTest/1152/Verbatim-STORE-N-GO
USB,,hp,x705w 16GB,365,13.8,146,https://usb.userbenchmark.com/SpeedTest/6023/hp-x705w
USB,,Seagate,Portable 1.5TB,366,13.7,149,https://usb.userbenchmark.com/SpeedTest/10698/Seagate-Portable
USB,,TrekStor,DS pocket light 500GB,367,13.6,106,https://usb.userbenchmark.com/SpeedTest/6291/TrekStor-DS-pocket-light
USB,,Corsair,Voyager GT 3.0 16GB,368,13.6,75,https://usb.userbenchmark.com/SpeedTest/2616/Corsair-Voyager-GT-30
USB,LJDS73-64GABEU,Lexar,JumpDrive S73 USB 3.0 64GB,369,13.5,360,https://usb.userbenchmark.com/Lexar-JumpDrive-S73-USB-30-64GB/Rating/1474
USB,,JetFlash,Transcend 16GB,370,13.5,14782,https://usb.userbenchmark.com/SpeedTest/1099/JetFlash-Transcend-16GB
USB,DT100G3/16GB,Kingston,DataTraveler 100 G3 USB 3.0 16GB,371,13.5,60636,https://usb.userbenchmark.com/Kingston-DataTraveler-100-G3-USB-30-16GB/Rating/1521
USB,,Toshiba,StorE HDD 1TB,372,13.4,259,https://usb.userbenchmark.com/SpeedTest/5210/Toshiba-StorE-HDD
USB,,TOSHIBA,MSFT NORB 8GB,373,13.4,43,https://usb.userbenchmark.com/SpeedTest/11462/TOSHIBA-MSFT-NORB
USB,LJDS73-32GABEU,Lexar,JumpDrive S73 USB 3.0 32GB,374,13.3,655,https://usb.userbenchmark.com/Lexar-JumpDrive-S73-USB-30-32GB/Rating/1473
USB,,Maxtor,3200 320GB,375,13.3,297,https://usb.userbenchmark.com/SpeedTest/5999/Maxtor-3200
USB,,SanDisk,Cruzer Glide 64GB,376,13.2,8040,https://usb.userbenchmark.com/SpeedTest/2866/SanDisk-Cruzer-Glide
USB,,TOSHIBA,TransMemory-Mx 16GB,377,13,487,https://usb.userbenchmark.com/SpeedTest/6641/TOSHIBA-TransMemory-Mx
USB,00108025,Hama,Probo USB 3.0 16GB,378,12.9,21,https://usb.userbenchmark.com/Hama-Probo-USB-30-16GB/Rating/1294
USB,,Linux,File-Stor Gadget 1TB,379,12.9,24,https://usb.userbenchmark.com/SpeedTest/8188/Linux-File-Stor-Gadget
USB,3530470,Intenso,Speed Line USB 3.0 16GB,380,12.8,196,https://usb.userbenchmark.com/Intenso-Speed-Line-USB-30-16GB/Rating/1349
USB,SP064GBUF3B10V1B,Silicon,Power Blaze B10 USB 3.0 64GB,381,12.8,9,https://usb.userbenchmark.com/SpeedTest/4677/UFD-30-Silicon-Power64G
USB,PD-09,Kingmax,Pop Series USB 3.0 16GB,382,12.8,69,https://usb.userbenchmark.com/Kingmax-Pop-Series-USB-30-16GB/Rating/1359
USB,USM8GQ,Sony,Micro Vault Mach USB 3.0 8GB,383,12.7,77,https://usb.userbenchmark.com/SpeedTest/3001/Sony-Storage-Media
USB,,SanDisk,Cruzer Glide 32GB,384,12.6,23482,https://usb.userbenchmark.com/SpeedTest/3933/SanDisk-Cruzer-Glide
USB,,Seagate,GoFlex Cinema 2TB,385,12.6,25,https://usb.userbenchmark.com/SpeedTest/3677/Seagate-GoFlex-Cinema
USB,,Innostor,Innostor 16GB,386,12.4,146,https://usb.userbenchmark.com/SpeedTest/12111/Innostor-Innostor
USB,PEF16GSBUSB,Patriot,Supersonic Boost XT USB 3.0 16GB,387,12.4,179,https://usb.userbenchmark.com/Patriot-Supersonic-Boost-XT-USB-30-16GB/Rating/1291
USB,,SRT,USB 3.0 JET 16G 16GB,388,12.3,116,https://usb.userbenchmark.com/SpeedTest/2810/SRT-USB-30-JET-16G
USB,DT100G3/8GB,Kingston,DataTraveler 100 G3 USB 3.0 8GB,389,12.1,16591,https://usb.userbenchmark.com/SpeedTest/1315/Kingston-DataTraveler-30
USB,,Kingston,DataTraveler 111 64GB,390,12,26,https://usb.userbenchmark.com/SpeedTest/9144/Kingston-DataTraveler-111
USB,,SanDisk,Cruzer Blade 32GB,391,12,34316,https://usb.userbenchmark.com/SpeedTest/1919/SanDisk-Cruzer-Blade
USB,,OCZ,ATV_TURBO 4GB,392,12,6,https://usb.userbenchmark.com/SpeedTest/3967/OCZ-ATV-TURBO
USB,DT111/32GB,Kingston,DataTraveler 111 USB 3.0 32GB,393,12,123,https://usb.userbenchmark.com/Kingston-DataTraveler-111-USB-30-32GB/Rating/1575
USB,,Kingston,DataTraveler 111 32GB,394,11.9,59,https://usb.userbenchmark.com/SpeedTest/3188/Kingston-DataTraveler-111
USB,,SanDisk,Cruzer 64GB,395,11.9,3567,https://usb.userbenchmark.com/SpeedTest/6685/SanDisk-Cruzer
USB,AS102P-8G-RGY,Adata,S102 Pro USB 3.0 8GB,396,11.8,251,https://usb.userbenchmark.com/SpeedTest/2974/ADATA-USB-Flash-Drive
USB,AUV128-8G-RBE,Adata,DashDrive UV128 USB 3.0 8GB,397,11.8,399,https://usb.userbenchmark.com/SpeedTest/4062/ADATA-USB-Flash-Drive
USB,,Leef,Magnet 16GB,398,11.6,10,https://usb.userbenchmark.com/SpeedTest/10717/Leef-Magnet
USB,,SanDisk,Cruzer Glide 16GB,399,11.5,33521,https://usb.userbenchmark.com/SpeedTest/2718/SanDisk-Cruzer-Glide
USB,,SanDisk,Cruzer Force 32GB,400,11.4,4096,https://usb.userbenchmark.com/SpeedTest/5195/SanDisk-Cruzer-Force
USB,,Kingston,DataTraveler 111 16GB,401,11.4,46,https://usb.userbenchmark.com/SpeedTest/6936/Kingston-DataTraveler-111
USB,PSF16GLSEL3USB,Patriot,Element USB 3.0 16GB,402,11.4,12,https://usb.userbenchmark.com/Patriot-Element-USB-30-16GB/Rating/1460
USB,,SanDisk,Cruzer 32GB,403,11.3,3296,https://usb.userbenchmark.com/SpeedTest/1509/SanDisk-Cruzer
USB,,Kingston,DT R500 16GB,404,11.3,317,https://usb.userbenchmark.com/SpeedTest/1794/Kingston-DT-R500
USB,,Kingston,DT R500 32GB,405,11.2,73,https://usb.userbenchmark.com/SpeedTest/3036/Kingston-DT-R500
USB,,SanDisk,Cruzer Blade 16GB,406,11.2,60539,https://usb.userbenchmark.com/SpeedTest/1349/SanDisk-Cruzer-Blade
USB,,Kingston,DataTraveler 111 16GB,407,11.1,168,https://usb.userbenchmark.com/SpeedTest/3431/Kingston-DataTraveler-111
USB,LJDS73-16GABEU,Lexar,JumpDrive S73 USB 3.0 16GB,408,10.9,459,https://usb.userbenchmark.com/Lexar-JumpDrive-S73-USB-30-16GB/Rating/1280
USB,U819V,PQI,Intelligent Drive Micro USB 3.0 16GB,409,10.8,367,https://usb.userbenchmark.com/PQI-Intelligent-Drive-Micro-USB-30-16GB/Rating/1451
USB,DT111/16GB,Kingston,DataTraveler 111 USB 3.0 16GB,410,10.8,271,https://usb.userbenchmark.com/Kingston-DataTraveler-111-USB-30-16GB/Rating/1423
USB,SP016GBUF3B10V1B,Silicon Power,Blaze B10 USB 3.0 16GB,411,10.8,185,https://usb.userbenchmark.com/Silicon-Power-Blaze-B10-USB-30-16GB/Rating/1292
USB,,SanDisk,Cruzer Force 16GB,412,10.8,5753,https://usb.userbenchmark.com/SpeedTest/4505/SanDisk-Cruzer-Force
USB,,SanDisk,Cruzer Glide 8GB,413,10.7,6342,https://usb.userbenchmark.com/SpeedTest/2673/SanDisk-Cruzer-Glide
USB,,SanDisk,Cruzer Edge 8GB,414,10.6,5792,https://usb.userbenchmark.com/SpeedTest/1421/SanDisk-Cruzer-Edge
USB,,SAMSUNG,HD400LJ 800GB,415,10.6,7,https://usb.userbenchmark.com/SpeedTest/2620/SAMSUNG-HD400LJ
USB,,Corsair,UFD 8GB,416,10.6,4,https://usb.userbenchmark.com/SpeedTest/6925/Corsair-UFD
USB,,Corsair,VoyagerGT 2GB,417,10.6,22,https://usb.userbenchmark.com/SpeedTest/5265/Corsair-VoyagerGT
USB,,TOSHIBA,silicon-power 8GB,418,10.5,96,https://usb.userbenchmark.com/SpeedTest/11557/TOSHIBA-silicon-power
USB,,Kingston,DataTraveler 111 8GB,419,10.4,248,https://usb.userbenchmark.com/SpeedTest/2973/Kingston-DataTraveler-111
USB,,SanDisk,Cruzer Blade 8GB,420,10.4,30139,https://usb.userbenchmark.com/SpeedTest/1167/SanDisk-Cruzer-Blade
USB,,SanDisk,Cruzer Switch 8GB,421,10.3,4031,https://usb.userbenchmark.com/SpeedTest/2921/SanDisk-Cruzer-Switch
USB,,,,422,10.2,112,https://usb.userbenchmark.com/SpeedTest/11587/
USB,,Intenso,Speed Line 16GB,423,10.1,64,https://usb.userbenchmark.com/SpeedTest/1765/Intenso-Speed-Line
USB,AUV150-8G-RRD,Adata,DashDrive UV150 USB 3.0 8GB,424,10.1,102,https://usb.userbenchmark.com/SpeedTest/2478/ADATA-USB-Flash-Drive
USB,,SanDisk,Cruzer Slice 8GB,425,9.93,660,https://usb.userbenchmark.com/SpeedTest/1971/SanDisk-Cruzer-Slice
USB,PSF16GSPUSB,Patriot,Supersonic Pulse USB 3.0 16GB,426,9.88,35,https://usb.userbenchmark.com/Patriot-Supersonic-Pulse-USB-30-16GB/Rating/1295
USB,,SanDisk,Cruzer Glide 32GB,427,9.81,54,https://usb.userbenchmark.com/SpeedTest/5349/SanDisk-Cruzer-Glide
USB,,SanDisk,Cruzer Force 8GB,428,9.75,1838,https://usb.userbenchmark.com/SpeedTest/5094/SanDisk-Cruzer-Force
USB,,Kingston,DataTraveler 3.0 16GB,429,9.73,31,https://usb.userbenchmark.com/SpeedTest/2091/Kingston-DataTraveler-30
USB,,SanDisk,Cruzer Fit 8GB,430,9.67,4577,https://usb.userbenchmark.com/SpeedTest/1577/SanDisk-Cruzer-Fit
USB,,SanDisk,Cruzer Facet 8GB,431,9.64,2885,https://usb.userbenchmark.com/SpeedTest/4796/SanDisk-Cruzer-Facet
USB,,SanDisk,Cruzer Slice 16GB,432,9.6,444,https://usb.userbenchmark.com/SpeedTest/5062/SanDisk-Cruzer-Slice
USB,,SanDisk,Cruzer Edge 16GB,433,9.59,6219,https://usb.userbenchmark.com/SpeedTest/1294/SanDisk-Cruzer-Edge
USB,,SanDisk,Cruzer Facet 16GB,434,9.5,1259,https://usb.userbenchmark.com/SpeedTest/1437/SanDisk-Cruzer-Facet
USB,LJDS73-8GBABEU,Lexar,JumpDrive S73 USB 3.0 8GB,435,9.46,217,https://usb.userbenchmark.com/SpeedTest/4132/Lexar-JumpDrive
USB,,SanDisk,Cruzer Switch 16GB,436,9.44,3032,https://usb.userbenchmark.com/SpeedTest/1433/SanDisk-Cruzer-Switch
USB,,SanDisk,Cruzer Fit 16GB,437,9.38,8778,https://usb.userbenchmark.com/SpeedTest/2402/SanDisk-Cruzer-Fit
USB,,SanDisk,Cruzer Contour 16GB,438,9.15,195,https://usb.userbenchmark.com/SpeedTest/2948/SanDisk-Cruzer-Contour
USB,,SanDisk,Cruzer Edge 32GB,439,9.14,2787,https://usb.userbenchmark.com/SpeedTest/3928/SanDisk-Cruzer-Edge
USB,,SanDisk,Cruzer Contour 8GB,440,9.13,199,https://usb.userbenchmark.com/SpeedTest/6158/SanDisk-Cruzer-Contour
USB,,OCZ,RALLY2 4GB,441,9.1,46,https://usb.userbenchmark.com/SpeedTest/1195/OCZ-RALLY2
USB,,SanDisk,Cruzer Fit 32GB,442,9.07,4876,https://usb.userbenchmark.com/SpeedTest/1702/SanDisk-Cruzer-Fit
USB,,SanDisk,Cruzer Switch 4GB,443,9.04,500,https://usb.userbenchmark.com/SpeedTest/3042/SanDisk-Cruzer-Switch
USB,,SanDisk,Cruzer Glide 4GB,444,9.02,696,https://usb.userbenchmark.com/SpeedTest/5957/SanDisk-Cruzer-Glide
USB,,Staples,Relay UFD 16GB,445,8.99,240,https://usb.userbenchmark.com/SpeedTest/5678/Staples-Relay-UFD
USB,,SanDisk,Cruzer Blade 4GB,446,8.99,7184,https://usb.userbenchmark.com/SpeedTest/1442/SanDisk-Cruzer-Blade
USB,,SanDisk,Ultra USB 2.0 8GB,447,8.97,299,https://usb.userbenchmark.com/SpeedTest/9775/SanDisk-Ultra
USB,,SYMWAVE,WDC WD20EURS-63S 2TB,448,8.93,3,https://usb.userbenchmark.com/SpeedTest/2617/SYMWAVE-WDC-WD20EURS-63S
USB,,SanDisk,Cruzer Edge 4GB,449,8.88,1130,https://usb.userbenchmark.com/SpeedTest/1727/SanDisk-Cruzer-Edge
USB,,SanDisk,Cruzer Switch 32GB,450,8.82,1758,https://usb.userbenchmark.com/SpeedTest/3097/SanDisk-Cruzer-Switch
USB,,,SanDisk 4GB,451,8.78,68,https://usb.userbenchmark.com/SpeedTest/6105/SanDisk
USB,,OCZ,RALLY2 8GB,452,8.73,45,https://usb.userbenchmark.com/SpeedTest/9281/OCZ-RALLY2
USB,,MXT-USB,Storage Device 16GB,453,8.73,35,https://usb.userbenchmark.com/SpeedTest/8798/MXT-USB-Storage-Device
USB,,SanDisk,Cruzer Orbit 8GB,454,8.65,439,https://usb.userbenchmark.com/SpeedTest/7295/SanDisk-Cruzer-Orbit
USB,,LaCie,itsaKey 8GB,455,8.61,19,https://usb.userbenchmark.com/SpeedTest/11422/LaCie-itsaKey
USB,,SanDisk,Cruzer Fit 4GB,456,8.49,430,https://usb.userbenchmark.com/SpeedTest/10061/SanDisk-Cruzer-Fit
USB,,SanDisk,Cruzer Slice 4GB,457,8.49,208,https://usb.userbenchmark.com/SpeedTest/5562/SanDisk-Cruzer-Slice
USB,,SanDisk,Ultra USB 2.0 16GB,458,8.47,1306,https://usb.userbenchmark.com/SpeedTest/5437/SanDisk-Ultra
USB,,ST,8GB 8GB,459,8.42,61,https://usb.userbenchmark.com/SpeedTest/4607/ST-8GB
USB,,Corsair,VoyagerGT 16GB,460,8.41,346,https://usb.userbenchmark.com/SpeedTest/5269/Corsair-VoyagerGT
USB,,OCZ,ET1208AD 4GB,461,8.4,17,https://usb.userbenchmark.com/SpeedTest/6529/OCZ-ET1208AD
USB,,,Staples 4GB,462,8.39,114,https://usb.userbenchmark.com/SpeedTest/3939/Staples
USB,,TDK,LoR Trans-It Drive 4GB,463,8.3,61,https://usb.userbenchmark.com/SpeedTest/4384/TDK-LoR-Trans-It-Drive
USB,,SanDisk,Cruzer Pop 8GB,464,8.29,529,https://usb.userbenchmark.com/SpeedTest/4875/SanDisk-Cruzer-Pop
USB,,TOSHIBA,USB DRV 16GB,465,8.25,1979,https://usb.userbenchmark.com/SpeedTest/3039/TOSHIBA-TOSHIBA-USB-DRV
USB,,SanDisk,U3 Titanium 8GB,466,8.22,156,https://usb.userbenchmark.com/SpeedTest/5618/SanDisk-U3-Titanium
USB,,LEXAR,JD 360 2GB,467,8.19,23,https://usb.userbenchmark.com/SpeedTest/11953/LEXAR-JD-360
USB,,SanDisk,Cruzer Orbit 16GB,468,8.13,488,https://usb.userbenchmark.com/SpeedTest/10403/SanDisk-Cruzer-Orbit
USB,,SanDisk,SD Plus 4GB,469,8.07,17,https://usb.userbenchmark.com/SpeedTest/10135/SanDisk-SD-Plus
USB,,,silicon-power 16GB,470,7.88,52,https://usb.userbenchmark.com/SpeedTest/2253/silicon-power
USB,,Corsair,Flash Voyager 4GB,471,7.87,198,https://usb.userbenchmark.com/SpeedTest/2134/Corsair-Flash-Voyager
USB,,DaneElec,Z Mate 16GB,472,7.64,76,https://usb.userbenchmark.com/SpeedTest/2831/DaneElec-Z-Mate-16GB
USB,,TOSHIBA,TransMemory 32GB,473,7.62,7326,https://usb.userbenchmark.com/SpeedTest/4802/TOSHIBA-TransMemory
USB,,SanDisk,Cruzer Orbit 32GB,474,7.59,316,https://usb.userbenchmark.com/SpeedTest/6332/SanDisk-Cruzer-Orbit
USB,,Corsair,Flash Voyager 8GB,475,7.54,158,https://usb.userbenchmark.com/SpeedTest/1107/Corsair-Flash-Voyager
USB,,Crucial,Gizmo! 4GB,476,7.42,7,https://usb.userbenchmark.com/SpeedTest/1313/Crucial-Gizmo-
USB,,SanDisk,Ultra USB 2.0 64GB,477,7.39,89,https://usb.userbenchmark.com/SpeedTest/5190/SanDisk-Ultra
USB,,SanDisk,Ultra USB 2.0 32GB,478,7.37,771,https://usb.userbenchmark.com/SpeedTest/4329/SanDisk-Ultra
USB,,Corsair,Voyager 16GB,479,7.34,622,https://usb.userbenchmark.com/SpeedTest/4854/Corsair-Voyager
USB,,Ut165,USB2FlashStorage 8GB,480,7.31,267,https://usb.userbenchmark.com/SpeedTest/4730/Ut165-USB2FlashStorage
USB,,Lexar,JD Secure II + 8GB,481,7.2,67,https://usb.userbenchmark.com/SpeedTest/1811/Lexar-JD-Secure-II--
USB,,Ut165,USB2FlashStorage 16GB,482,7.19,97,https://usb.userbenchmark.com/SpeedTest/5311/Ut165-USB2FlashStorage
USB,,,SanDisk 32GB,483,7.19,315,https://usb.userbenchmark.com/SpeedTest/3611/SanDisk
USB,,SanDisk,Cruzer Micro 8GB,484,7.11,368,https://usb.userbenchmark.com/SpeedTest/1106/SanDisk-Cruzer-Micro
USB,,SanDisk,U3 Cruzer Micro 16GB,485,7.11,495,https://usb.userbenchmark.com/SpeedTest/3226/SanDisk-U3-Cruzer-Micro
USB,,SanDisk,U3 Titanium 4GB,486,7.11,273,https://usb.userbenchmark.com/SpeedTest/2741/SanDisk-U3-Titanium
USB,,SanDisk,U3 Cruzer Micro 8GB,487,7.08,820,https://usb.userbenchmark.com/SpeedTest/3433/SanDisk-U3-Cruzer-Micro
USB,,Intenso,Rainbow Line 64GB,488,6.97,51,https://usb.userbenchmark.com/SpeedTest/3522/Intenso-Rainbow-Line
USB,,SanDisk,Cruzer Micro 4GB,489,6.91,483,https://usb.userbenchmark.com/SpeedTest/2536/SanDisk-Cruzer-Micro
USB,,TOSHIBA,TransMemory 16GB,490,6.86,16813,https://usb.userbenchmark.com/SpeedTest/1430/TOSHIBA-TransMemory
USB,,Kingston,DataTraveler 2.0 64GB,491,6.81,1861,https://usb.userbenchmark.com/SpeedTest/1364/Kingston-DataTraveler-20
USB,,Kingston,DataTraveler SE9 64GB,492,6.8,72,https://usb.userbenchmark.com/SpeedTest/1779/Kingston-DataTraveler-SE9
USB,,Kingston,DataTraveler G3 32GB,493,6.79,492,https://usb.userbenchmark.com/SpeedTest/1505/Kingston-DataTraveler-G3
USB,,,silicon-power 16GB,494,6.73,71,https://usb.userbenchmark.com/SpeedTest/1806/silicon-power
USB,,,,495,6.7,313,https://usb.userbenchmark.com/SpeedTest/5446/
USB,,Kingston,DataTraveler 102 16GB,496,6.68,154,https://usb.userbenchmark.com/SpeedTest/2282/Kingston-DataTraveler-102
USB,,JetFlash,Transcend 8GB,497,6.68,1070,https://usb.userbenchmark.com/SpeedTest/2417/JetFlash-Transcend-8GB
USB,,pqi,IntelligentStick 16GB,498,6.67,80,https://usb.userbenchmark.com/SpeedTest/3896/pqi-IntelligentStick
USB,,TOSHIBA,USB DRV 8GB,499,6.6,811,https://usb.userbenchmark.com/SpeedTest/3556/TOSHIBA-TOSHIBA-USB-DRV
USB,DT101G2/32GB,Kingston,DataTraveler 101 G2 USB 2.0 32GB,500,6.6,665,https://usb.userbenchmark.com/SpeedTest/3026/Kingston-DT-101-G2
USB,,hp,v125w 32GB,501,6.58,124,https://usb.userbenchmark.com/SpeedTest/6508/hp-v125w
USB,,JetFlash,Transcend 8GB,502,6.51,9769,https://usb.userbenchmark.com/SpeedTest/1298/JetFlash-Transcend-8GB
USB,,PNY,Transformer 32GB,503,6.51,63,https://usb.userbenchmark.com/SpeedTest/10614/PNY-Transformer
USB,,SanDisk,U3 Cruzer Micro 4GB,504,6.5,1235,https://usb.userbenchmark.com/SpeedTest/1162/SanDisk-U3-Cruzer-Micro
USB,,SanDisk,U3 Cruzer Micro 2GB,505,6.48,1256,https://usb.userbenchmark.com/SpeedTest/1185/SanDisk-U3-Cruzer-Micro
USB,,Kingston,DT microDuo 64GB,506,6.46,129,https://usb.userbenchmark.com/SpeedTest/8565/Kingston-DT-microDuo
USB,,UFD,2.0 Silicon-Power64G 64GB,507,6.42,70,https://usb.userbenchmark.com/SpeedTest/6233/UFD-20-Silicon-Power64G
USB,,Corsair,Voyager 8GB,508,6.38,428,https://usb.userbenchmark.com/SpeedTest/8294/Corsair-Voyager
USB,,Kingston,DataTraveler 108 16GB,509,6.36,175,https://usb.userbenchmark.com/SpeedTest/2308/Kingston-DataTraveler-108
USB,,Kingston,DT 100 G2 16GB,510,6.36,1132,https://usb.userbenchmark.com/SpeedTest/2628/Kingston-DT-100-G2
USB,,Kingmax,USB2.0 FlashDisk 32GB,511,6.34,94,https://usb.userbenchmark.com/SpeedTest/1856/Kingmax-USB20-FlashDisk
USB,,Kingston,DT Locker 4GB,512,6.33,18,https://usb.userbenchmark.com/SpeedTest/4584/Kingston-DT-Locker
USB,,FLASH,Drive 3S_USB20 2GB,513,6.32,31,https://usb.userbenchmark.com/SpeedTest/4658/FLASH-Drive-3S-USB20
USB,,Lexar,USB Flash Drive 64GB,514,6.3,225,https://usb.userbenchmark.com/SpeedTest/4993/Lexar-USB-Flash-Drive
USB,,Intenso,Rainbow Line 32GB,515,6.3,223,https://usb.userbenchmark.com/SpeedTest/8760/Intenso-Rainbow-Line
USB,,,,516,6.3,180,https://usb.userbenchmark.com/SpeedTest/10865/
USB,,hp,v125w 8GB,517,6.26,541,https://usb.userbenchmark.com/SpeedTest/6352/hp-v125w
USB,,SanDisk,Cruzer Micro 2GB,518,6.24,361,https://usb.userbenchmark.com/SpeedTest/1362/SanDisk-Cruzer-Micro
USB,,TDKMedia,Trans-It Drive 16GB,519,6.22,80,https://usb.userbenchmark.com/SpeedTest/3838/TDKMedia-Trans-It-Drive
USB,,,silicon-power 4GB,520,6.21,121,https://usb.userbenchmark.com/SpeedTest/6042/silicon-power
USB,,hp,v165w 32GB,521,6.2,394,https://usb.userbenchmark.com/SpeedTest/6507/hp-v165w
USB,,JetFlash,TS8GJFV10 8GB,522,6.18,82,https://usb.userbenchmark.com/SpeedTest/7107/JetFlash-TS8GJFV10
USB,,,Verbatim 32GB,523,6.17,33,https://usb.userbenchmark.com/SpeedTest/5212/Verbatim
USB,DT101G2/16GB,Kingston,DataTraveler 101 G2 USB 2.0 16GB,524,6.17,3010,https://usb.userbenchmark.com/SpeedTest/1422/Kingston-DT-101-G2
USB,,hp,v165w 16GB,525,6.15,1163,https://usb.userbenchmark.com/SpeedTest/4278/hp-v165w
USB,,Kingston,DT microDuo 16GB,526,6.1,1088,https://usb.userbenchmark.com/SpeedTest/9201/Kingston-DT-microDuo
USB,,Verbatim,micro USB 2GB,527,6.07,3,https://usb.userbenchmark.com/SpeedTest/4441/Verbatim-micro-USB
USB,,TOSHIBA,TransMemory 8GB,528,6,12066,https://usb.userbenchmark.com/SpeedTest/1336/TOSHIBA-TransMemory
USB,,Corsair,Voyager Mini 8GB,529,5.99,99,https://usb.userbenchmark.com/SpeedTest/6502/Corsair-Voyager-Mini
USB,,Freecom,DataBar USB2.0 8GB,530,5.97,60,https://usb.userbenchmark.com/SpeedTest/5402/Freecom-DataBar-USB20
USB,,FLASH,Drive SM_USB20 8GB,531,5.95,304,https://usb.userbenchmark.com/SpeedTest/2194/FLASH-Drive-SM-USB20
USB,,Lexar,JD FireFly 16GB,532,5.95,97,https://usb.userbenchmark.com/SpeedTest/5219/Lexar-JD-FireFly
USB,,,Verbatim 32GB,533,5.93,503,https://usb.userbenchmark.com/SpeedTest/3113/Verbatim
USB,,PNY,USB 2.0 FD 4GB,534,5.93,63,https://usb.userbenchmark.com/SpeedTest/6827/PNY-USB-20-FD
USB,AC906-16G-RWH,Adata,Classic C906 USB 2.0 16GB,535,5.9,1229,https://usb.userbenchmark.com/SpeedTest/2098/ADATA-USB-Flash-Drive
USB,,Verbatim,STORE N GO 32GB,536,5.88,3394,https://usb.userbenchmark.com/SpeedTest/6091/Verbatim-STORE-N-GO
USB,,TDKMedia,Trans-It Drive 8GB,537,5.87,486,https://usb.userbenchmark.com/SpeedTest/1784/TDKMedia-Trans-It-Drive
USB,,UFD,2.0 Silicon-Power16G 16GB,538,5.86,1304,https://usb.userbenchmark.com/SpeedTest/5289/UFD-20-Silicon-Power16G
USB,,,,539,5.86,531,https://usb.userbenchmark.com/SpeedTest/6298/
USB,,hp,v220w 16GB,540,5.85,641,https://usb.userbenchmark.com/SpeedTest/2479/hp-v220w
USB,,hp,v195b 8GB,541,5.85,84,https://usb.userbenchmark.com/SpeedTest/4894/hp-v195b
USB,,hp,v210w 16GB,542,5.85,564,https://usb.userbenchmark.com/SpeedTest/3358/hp-v210w
USB,DT101G2/64GB,Kingston,DataTraveler 101 G2 USB 2.0 64GB,543,5.81,63,https://usb.userbenchmark.com/SpeedTest/12698/Kingston-DT-101-G2
USB,,TDK,LoR TF10 16GB,544,5.79,334,https://usb.userbenchmark.com/SpeedTest/2836/TDK-LoR-TF10
USB,,Kingston,DT 101 G2 16GB,545,5.77,1946,https://usb.userbenchmark.com/SpeedTest/2015/Kingston-DT-101-G2
USB,,Kingston,DT Micro 16GB,546,5.77,522,https://usb.userbenchmark.com/SpeedTest/5683/Kingston-DT-Micro
USB,,Kingston,DT 101 G2 64GB,547,5.71,105,https://usb.userbenchmark.com/SpeedTest/6132/Kingston-DT-101-G2
USB,,FLASH,Drive SM_USB20 4GB,548,5.7,372,https://usb.userbenchmark.com/SpeedTest/10702/FLASH-Drive-SM-USB20
USB,AC008-16G-RKD,Adata,Classic C008 USB 2.0 16GB,549,5.67,1800,https://usb.userbenchmark.com/SpeedTest/3888/ADATA-USB-Flash-Drive
USB,,TDKMedia,Trans-It Drive 4GB,550,5.67,275,https://usb.userbenchmark.com/SpeedTest/5855/TDKMedia-Trans-It-Drive
USB,,Imation,Nano Pro 4GB,551,5.65,174,https://usb.userbenchmark.com/SpeedTest/5707/Imation-Nano-Pro
USB,,TDKMedia,Trans-It Drive 16GB,552,5.62,32,https://usb.userbenchmark.com/SpeedTest/2772/TDKMedia-Trans-It-Drive
USB,DTSE9H/16GB,Kingston,DataTraveler SE9 USB 2.0 16GB,553,5.58,1670,https://usb.userbenchmark.com/Kingston-DataTraveler-SE9-USB-20-16GB/Rating/1402
USB,DT101G2/2GB,Kingston,DataTraveler 101 G2 USB 2.0 2GB,554,5.57,124,https://usb.userbenchmark.com/SpeedTest/15272/Kingston-DT-101-G2
USB,,LEXAR,JD FIREFLY 4GB,555,5.57,58,https://usb.userbenchmark.com/SpeedTest/5141/LEXAR-JD-FIREFLY
USB,,HP,v125w 4GB,556,5.55,527,https://usb.userbenchmark.com/SpeedTest/1613/HP-v125w
USB,,Kingston,DT 101 II 8GB,557,5.55,878,https://usb.userbenchmark.com/SpeedTest/2808/Kingston-DT-101-II
USB,,HP,v125w 2GB,558,5.54,137,https://usb.userbenchmark.com/SpeedTest/5918/HP-v125w
USB,,PNY,USB 2.0 FD 8GB,559,5.52,27,https://usb.userbenchmark.com/SpeedTest/4598/PNY-USB-20-FD
USB,,Verbatim,STORE N GO 64GB,560,5.52,1445,https://usb.userbenchmark.com/SpeedTest/7591/Verbatim-STORE-N-GO
USB,,SanDisk,U3 Titanium 2GB,561,5.46,140,https://usb.userbenchmark.com/SpeedTest/5939/SanDisk-U3-Titanium
USB,,Kingston,DT 101 II 4GB,562,5.46,217,https://usb.userbenchmark.com/SpeedTest/9376/Kingston-DT-101-II
USB,,JetFlash,TS8GJFV30 8GB,563,5.45,39,https://usb.userbenchmark.com/SpeedTest/9327/JetFlash-TS8GJFV30
USB,,Sony,Storage Media 2GB,564,5.41,485,https://usb.userbenchmark.com/SpeedTest/2461/Sony-Storage-Media
USB,,Kingmax,USB2.0 FlashDisk 8GB,565,5.4,337,https://usb.userbenchmark.com/SpeedTest/3696/Kingmax-USB20-FlashDisk
USB,,JetFlash,Transcend 4GB,566,5.39,5016,https://usb.userbenchmark.com/SpeedTest/1401/JetFlash-Transcend-4GB
USB,,Flash,Drive AU_USB20 2GB,567,5.35,102,https://usb.userbenchmark.com/SpeedTest/3746/Flash-Drive-AU-USB20
USB,,Kingston,DT101 II 8GB,568,5.35,124,https://usb.userbenchmark.com/SpeedTest/3930/Kingston-DT101-II
USB,,Lexar,JumpDrive 8GB,569,5.34,61,https://usb.userbenchmark.com/SpeedTest/3038/Lexar-JumpDrive
USB,,hp,v250w 8GB,570,5.34,206,https://usb.userbenchmark.com/SpeedTest/3253/hp-v250w
USB,,Verbatim,Store n Go Drive 4GB,571,5.33,182,https://usb.userbenchmark.com/SpeedTest/5900/Verbatim-Store-n-Go-Drive
USB,,hp,v165w 8GB,572,5.32,1686,https://usb.userbenchmark.com/SpeedTest/1981/hp-v165w
USB,,JetFlash,Transcend 2GB,573,5.31,787,https://usb.userbenchmark.com/SpeedTest/11512/JetFlash-Transcend-2GB
USB,,MUSHKIN,MKNUFDPR8GB 8GB,574,5.31,4,https://usb.userbenchmark.com/SpeedTest/2274/MUSHKIN-MKNUFDPR8GB
USB,,hp,v165w 4GB,575,5.31,561,https://usb.userbenchmark.com/SpeedTest/5911/hp-v165w
USB,,Kingston,DT 101 G2 16GB,576,5.26,245,https://usb.userbenchmark.com/SpeedTest/11315/Kingston-DT-101-G2
USB,,USB,FLASH DRIVE 2GB,577,5.26,421,https://usb.userbenchmark.com/SpeedTest/1966/USB-FLASH-DRIVE
USB,,Kingston,DT 100 G2 4GB,578,5.24,626,https://usb.userbenchmark.com/SpeedTest/5494/Kingston-DT-100-G2
USB,,Verbatim,STORE N GO 16GB,579,5.24,134,https://usb.userbenchmark.com/SpeedTest/11864/Verbatim-STORE-N-GO
USB,,Kingston,DataTraveler 108 8GB,580,5.21,182,https://usb.userbenchmark.com/SpeedTest/2102/Kingston-DataTraveler-108
USB,,hp,v220w 8GB,581,5.21,718,https://usb.userbenchmark.com/SpeedTest/1543/hp-v220w
USB,,Verbatim,STORE N GO 16GB,582,5.2,7986,https://usb.userbenchmark.com/SpeedTest/2709/Verbatim-STORE-N-GO
USB,,PNY,USB 2.0 FD 4GB,583,5.17,110,https://usb.userbenchmark.com/SpeedTest/10550/PNY-USB-20-FD
USB,,Verbatim,STORE N GO 16GB,584,5.14,493,https://usb.userbenchmark.com/SpeedTest/2096/Verbatim-STORE-N-GO
USB,,takeMS,colorline 16GB,585,5.12,26,https://usb.userbenchmark.com/SpeedTest/4827/takeMS-colorline
USB,,Kingston,DT 101 II 4GB,586,5.12,873,https://usb.userbenchmark.com/SpeedTest/5919/Kingston-DT-101-II
USB,DT101G2/8GB,Kingston,DataTraveler 101 G2 USB 2.0 8GB,587,5.07,2874,https://usb.userbenchmark.com/SpeedTest/1682/Kingston-DT-101-G2
USB,,Kingston,DataTraveler G2 8GB,588,5.05,669,https://usb.userbenchmark.com/SpeedTest/2097/Kingston-DataTraveler-G2
USB,,Kingston,DT 100 G2 8GB,589,5.02,2132,https://usb.userbenchmark.com/SpeedTest/1420/Kingston-DT-100-G2
USB,DT101G2/4GB,Kingston,DataTraveler 101 G2 USB 2.0 4GB,590,5.02,1780,https://usb.userbenchmark.com/SpeedTest/1352/Kingston-DT-101-G2
USB,,TOSHIBA,TransMemory 4GB,591,4.99,1195,https://usb.userbenchmark.com/SpeedTest/3442/TOSHIBA-TransMemory
USB,,Kindle,Internal Storage 1GB,592,4.97,304,https://usb.userbenchmark.com/SpeedTest/5145/Kindle-Internal-Storage
USB,,Kingston,DT 101 G2 4GB,593,4.97,1620,https://usb.userbenchmark.com/SpeedTest/3101/Kingston-DT-101-G2
USB,,Corsair,Flash Voyager 1GB,594,4.96,24,https://usb.userbenchmark.com/SpeedTest/4389/Corsair-Flash-Voyager
USB,,Kingston,DT 100 G2 4GB,595,4.96,352,https://usb.userbenchmark.com/SpeedTest/7178/Kingston-DT-100-G2
USB,,Flash,Drive SM_USB20 1GB,596,4.91,93,https://usb.userbenchmark.com/SpeedTest/6766/Flash-Drive-SM-USB20
USB,,HTC42602,0G7AT00 20GB,597,4.9,4,https://usb.userbenchmark.com/SpeedTest/10847/HTC42602-0G7AT00
USB,,UFD,USB Flash Drive 1GB,598,4.89,27,https://usb.userbenchmark.com/SpeedTest/1755/UFD-USB-Flash-Drive
USB,,Lexar,JD FireFly 8GB,599,4.89,243,https://usb.userbenchmark.com/SpeedTest/9434/Lexar-JD-FireFly
USB,,LEXAR,JD FIREFLY 2GB,600,4.86,119,https://usb.userbenchmark.com/SpeedTest/10782/LEXAR-JD-FIREFLY
USB,,Kingmax,USB2.0 FlashDisk 4GB,601,4.82,41,https://usb.userbenchmark.com/SpeedTest/12171/Kingmax-USB20-FlashDisk
USB,,Kingston,DT 101 G2 8GB,602,4.82,2409,https://usb.userbenchmark.com/SpeedTest/1472/Kingston-DT-101-G2
USB,,Kingston,DataTraveler G2 4GB,603,4.77,609,https://usb.userbenchmark.com/SpeedTest/1799/Kingston-DataTraveler-G2
USB,,JetFlash,Transcend 1GB,604,4.76,95,https://usb.userbenchmark.com/SpeedTest/8690/JetFlash-Transcend-1GB
USB,,TDK,LoR TF10 8GB,605,4.73,1321,https://usb.userbenchmark.com/SpeedTest/10324/TDK-LoR-TF10
USB,,Kingston,DataTraveler 109 8GB,606,4.65,93,https://usb.userbenchmark.com/SpeedTest/1228/Kingston-DataTraveler-109
USB,,ADATA,USB Flash Drive 4GB,607,4.64,19,https://usb.userbenchmark.com/SpeedTest/13330/ADATA-USB-Flash-Drive
USB,,Ut163,USB2FlashStorage 2GB,608,4.63,89,https://usb.userbenchmark.com/SpeedTest/6699/Ut163-USB2FlashStorage
USB,,PNY,USB 2.0 FD 4GB,609,4.62,129,https://usb.userbenchmark.com/SpeedTest/6266/PNY-USB-20-FD
USB,,,,610,4.59,96,https://usb.userbenchmark.com/SpeedTest/7002/
USB,,JetFlash,TS4GJFV30 4GB,611,4.58,222,https://usb.userbenchmark.com/SpeedTest/3281/JetFlash-TS4GJFV30
USB,,Intenso,Rainbow Line 16GB,612,4.54,816,https://usb.userbenchmark.com/SpeedTest/7359/Intenso-Rainbow-Line
USB,,Kingston,DataTraveler SE9 8GB,613,4.54,1239,https://usb.userbenchmark.com/SpeedTest/2584/Kingston-DataTraveler-SE9
USB,,UFD,2.0 Silicon-Power4G 4GB,614,4.53,174,https://usb.userbenchmark.com/SpeedTest/6047/UFD-20-Silicon-Power4G
USB,,Lexar,JD FireFly 4GB,615,4.53,171,https://usb.userbenchmark.com/SpeedTest/10873/Lexar-JD-FireFly
USB,,JetFlash,TS2GJFV30 2GB,616,4.49,238,https://usb.userbenchmark.com/SpeedTest/10269/JetFlash-TS2GJFV30
USB,,Kingston,DT Micro 8GB,617,4.48,413,https://usb.userbenchmark.com/SpeedTest/3115/Kingston-DT-Micro
USB,,USB,FLASH DRIVE 1GB,618,4.38,218,https://usb.userbenchmark.com/SpeedTest/3314/USB-FLASH-DRIVE
USB,,Chipsbnk,UDisk 16GB,619,4.33,26,https://usb.userbenchmark.com/SpeedTest/1257/Chipsbnk-UDisk
USB,,USB,Flash Memory 1GB,620,4.33,125,https://usb.userbenchmark.com/SpeedTest/6923/USB-Flash-Memory
USB,,Verbatim,STORE N GO 2GB,621,4.29,231,https://usb.userbenchmark.com/SpeedTest/8638/Verbatim-STORE-N-GO
USB,,Ut165,USB2FlashStorage 1GB,622,4.2,97,https://usb.userbenchmark.com/SpeedTest/5612/Ut165-USB2FlashStorage
USB,,Kingston,DataTraveler 112 16GB,623,4.14,226,https://usb.userbenchmark.com/SpeedTest/8377/Kingston-DataTraveler-112
USB,,SanDisk,Cruzer Mini 1GB,624,4.12,225,https://usb.userbenchmark.com/SpeedTest/4977/SanDisk-Cruzer-Mini
USB,,USB,Flash Memory 2GB,625,4.12,592,https://usb.userbenchmark.com/SpeedTest/3137/USB-Flash-Memory
USB,,Freecom,DATABAR 4GB,626,3.98,46,https://usb.userbenchmark.com/SpeedTest/9462/Freecom-DATABAR
USB,,Verbatim,STORE N GO 4GB,627,3.98,2873,https://usb.userbenchmark.com/SpeedTest/1268/Verbatim-STORE-N-GO
USB,,Kingston,DataTravelerMini 1GB,628,3.96,92,https://usb.userbenchmark.com/SpeedTest/4656/Kingston-DataTravelerMini
USB,,HUAWEI,SD Storage 8GB,629,3.83,125,https://usb.userbenchmark.com/SpeedTest/4906/HUAWEI-SD-Storage
USB,,,,630,3.64,930,https://usb.userbenchmark.com/SpeedTest/7076/
USB,,USB2.0,FlashDisk 4GB,631,3.59,40,https://usb.userbenchmark.com/SpeedTest/12908/USB20-FlashDisk
USB,,Ut163,USB2FlashStorage 1GB,632,3.45,288,https://usb.userbenchmark.com/SpeedTest/12768/Ut163-USB2FlashStorage
USB,,,AM10 0GB,633,3.41,6,https://usb.userbenchmark.com/SpeedTest/12731/AM10
USB,,Cisco,AM10 0GB,634,3.23,5,https://usb.userbenchmark.com/SpeedTest/10577/Cisco-AM10
USB,,Best,Buy Geek Squad U3 1GB,635,3.14,10,https://usb.userbenchmark.com/SpeedTest/5282/Best-Buy-Geek-Squad-U3
USB,,USB_DISK,USB_DISK 1GB,636,3.04,8,https://usb.userbenchmark.com/SpeedTest/11488/USB-DISK-USB-DISK
USB,,ACTIONS,HS USB FlashDisk 4GB,637,2.91,149,https://usb.userbenchmark.com/SpeedTest/9386/ACTIONS-HS-USB-FlashDisk
USB,,KINGSTON,USB DRIVE 0GB,638,0.9,8,https://usb.userbenchmark.com/SpeedTest/4478/KINGSTON-USB-DRIVE
USB,,SB,X-Fi Go! 1GB,639,0.37,56,https://usb.userbenchmark.com/SpeedTest/2348/SB-X-Fi-Go-
